Workbook
Name B111D111: Fathy!$C$111:$C$111
Name F100H100: Fathy!$G$100:$G$100
Name F101H101: Fathy!$G$101:$G$101
Name F102H102: Fathy!$G$102:$G$102
Name F98H98: Fathy!$G$98:$G$98
Name F99H99: Fathy!$G$99:$G$99
Name H110J110: Fathy!$I$110:$I$110
Name H111J111: Fathy!$I$111:$I$111
Name L100B101: Fathy!$A$98:$A$109
Name L101B102: Fathy!$A$98:$A$109
Name L102B103: Fathy!$A$98:$A$109
Name L104B105: Fathy!$A$98:$A$109
Name L99B100: Fathy!$A$98:$A$109

Sheet Main 
A1: Reviewer / Member | B1: Paper's DOI | C1: Title | D1: Publication Year | E1: Publisher | F1: paper URL | G1: Technology | H1: Included or Excluded | I1: Reason for inclusivity | J1: Problem | K1: Solution | L1: Main Tags | M1: Another Tags | N1: Reviewer Notes / Original Slot | O1: Systematic Scope Status | P1: Numbering for ref
A2: David | B2: 10.1016/j.bcp.2025.116272 | C2: A quantitative assessment of EOG eye tracking during free viewing in sighted and in congenitally blind | D2: 2025 | E2: Elsevier | F2: https://www.sciencedirect.com/science/article/pii/S0006899325003555?via%3Dihub | G2: Electrooculography (EOG) Video-Based Eye Tracking SMI Eye-Tracking Glasses Smarting Mobile EEG g.HIamp Amplifier BioSemi EEG vEOG / hEOG Blink Detection Saccade Detection The vOICe | H2: Included | I2: Meets inclusion criteria for assistive spatial navigation, tactile feedback, or obstacle detection. | J2: Limited exploration of EOG in naturalistic/free-viewing conditions Video-based tracking can fail in blind individuals due to pupil abnormalities or eyelid control Need to detect eye movements without visual fixation | K2: EOG-based detection of blinks and saccades Comparison with video-based eye tracking Testing under light, darkness, eyes-closed, and congenital blindness Demonstrated that EOG can detect eye movements in blind participants | L2: Tactile & Sensory Substitution Systems (TSSS) | M2: Tactile-Actuation, Corridor-Navigation, Human-Factors-Usability, Wearable-Embedded | N2: Original assignment for David (Row 2) | O2: Primary SLR Target | P2: REF-001
A3: David | B3: 10.1016/j.neuroimage.2025.121652 | C3: Long-term visual-to-tactile stimulation induces functional reorganization of thalamic pathways to achieve visual perception | D3: 2025 | E3: Elsevier | F3: https://www.sciencedirect.com/science/article/pii/S105381192500655X?via%3Dihub | G3: Sensory Substitution Device (SSD) Visual-to-Tactile Conversion Tactile Stimulation Resting-State fMRI Functional Connectivity Analysis Thalamic/Occipital Brain Imaging | H3: Included | I3: Directly relevant: six-month training of blind children with a camera-to-2D-vibrotactile SSD, with resting-state fMRI evidence of thalamo-occipital reorganisation linked to tactile identification performance. | J3: Limited understanding of how long-term tactile sensory substitution produces visual perception. Unclear how the brain reorganizes its pathways during prolonged SSD use. | K3: Long-term visual-to-tactile stimulation/training. Investigation of changes in thalamic–occipital connectivity to understand the neural mechanism. | L3: Tactile & Sensory Substitution Systems (TSSS) | M3: Tactile-Actuation, Corridor-Navigation, Human-Factors-Usability | N3: Original assignment for David (Row 3) | O3: Primary SLR Target | P3: REF-002
A4: David | B4: 10.1016/j.neuroimage.2021.118029 | C4: Topographic maps and neural tuning for sensory substitution dimensions learned in adulthood in a congenital blind subject | D4: 2021 | E4: Elsevier | F4: https://www.sciencedirect.com/science/article/pii/S1053811921003062?via%3Dihub | G4: Auditory Sensory Substitution Device 2D Auditory Soundscape Pitch Encoding Temporal Encoding Population Receptive Field Mapping fMRI | H4: Included | I4: Neuroimaging evidence that a congenitally blind adult trained on a visual-to-auditory SSD forms topographic cortical maps of the learned 2D space; supports learnability of sensory substitution in adulthood. | J4: How the adult brain represents newly learned sensory dimensions in a person who is congenitally blind. | K4: Convert spatial information into auditory dimensions. Train the participant to interpret the auditory representation. Analyze the resulting neural maps and tuning. | L4: Tactile & Sensory Substitution Systems (TSSS) | M4: Tactile-Actuation, Human-Factors-Usability | N4: Original assignment for David (Row 4) | O4: Primary SLR Target | P4: REF-003
A5: David | B5: 10.1016/j.neuroimage.2024.120621 | C5: Visual Mental Imagery and Neural Dynamics of Sensory Substitution in the Blindfolded Subjects | D5: 2024 | E5: Elsevier | F5: https://www.sciencedirect.com/science/article/pii/S1053811924001162?via%3Dihub | G5: Auditory Sensory Substitution Visual-to-Auditory Encoding Soundscape Stimuli Functional MRI Dynamic Causal Modeling (DCM) Visual Mental Imagery | H5: Included | I5: EEG study of the neural mechanism and learning curve of visual-to-auditory sensory substitution (vOICe soundscapes) in blindfolded sighted subjects; informs SSD training and perception. | J5: How sensory-substitution information is processed by the brain. Whether auditory sensory substitution can engage visual mental imagery. | K5: Train subjects to interpret auditory representations of visual shapes. Use neuroimaging and DCM to analyze the resulting brain-network dynamics. | L5: Tactile & Sensory Substitution Systems (TSSS) | M5: Tactile-Actuation, AI-Object-Detection, Human-Factors-Usability | N5: Original assignment for David (Row 5) | O5: Primary SLR Target | P5: REF-004
A6: David | B6: 10.1177/0145482X19842491 | C6: A Haptic Navigation Aid for Individuals with Visual Impairments: Indoor and Outdoor Feasibility Evaluations of the LaserNavigator | D6: 2019 | E6: SAGE Publications | F6: https://journals.sagepub.com/doi/10.1177/0145482X19842491 | G6: Laser Rangefinder Haptic Feedback Vibrating Actuator Handheld Device Virtual White Cane Variable Virtual Cane Length | H6: Included | I6: Handheld laser-ranging electronic travel aid with haptic (vibration) feedback, evaluated indoors and outdoors with blind users; a direct haptic navigation competitor without AI vision. | J6: Conventional white canes have a limited detection range. | K6: Use a laser rangefinder to detect objects beyond normal cane range. Convert measured distance into haptic feedback. | L6: Tactile & Sensory Substitution Systems (TSSS) | M6: Tactile-Actuation, Depth-Sensing, AI-Object-Detection, Corridor-Navigation, Human-Factors-Usability | N6: Original assignment for David (Row 6) | O6: Primary SLR Target | P6: REF-005
A7: David | B7: 10.5220/0006617505550562 | C7: Wearable RGB Camera-based Navigation System for the Visually Impaired | D7: 2018 | E7: SciTePress | F7: https://www.scitepress.org/PublishedPapers/2018/66175/ | G7: Laptop in backpack (Intel Core i7-4700MQ, 8 GB RAM; MATLAB) | H7: Excluded | I7: Published by SciTePress | J7: Accuracy drops with occlusion, illumination change between training/testing and sudden camera movements; needs optimisation for real-time devices, cluttered paths, and detection of holes, stairs and obstacles. | K7: Temporal video alignment via spatial pyramid matching locates the user on a training video; SURF matching plus optimal RANSAC estimate relative camera pose mapped to five instructions every 1 s; tested offline on 6 indoor and 6 outdoor path pairs against human-voted references. | L7: Edge Computer Vision & 3D Spatial Perception (CV-3D) | M7: Corridor-Navigation, Human-Factors-Usability, Wearable-Embedded | N7: Original assignment for David (Row 7) | O7: Screened / Excluded | P7: REF-006
A8: David | B8: 10.1609/aaai.v37i2.25233 | C8: BEVDepth: Acquisition of Reliable Depth for Multi-View 3D Object Detection | D8: 2023 | E8: AAAI | F8: https://ojs.aaai.org/index.php/AAAI/article/view/25233 | G8: Tactile & Sensory Substitution Hardware | H8: Excluded | I8: Because it falls in a different feild of study and is published by AAAI | J8: Accurate distance estimation and low-latency obstacle identification under embedded edge hardware constraints. | K8: An embedded computer vision pipeline integrating depth sensing with neural object detection for hazard alerts. | L8: Edge Computer Vision & 3D Spatial Perception (CV-3D) | M8: Tactile-Actuation, Depth-Sensing, AI-Object-Detection, Wearable-Embedded | N8: Original assignment for David (Row 8) | O8: Screened / Excluded | P8: REF-007
A9: David | B9: 10.1109/EMBC.2013.6611022 | C9: Electrotactile vision substitution for 3D trajectory following | D9: 2013 | E9: IEEE | F9: https://ieeexplore.ieee.org/document/6611022 | G9: Tactile & Sensory Substitution Hardware | H9: Excluded | I9: Published in 2013 and The linked IEEE document does not appear to correspond to the assistive-vision/navigation research needed for your review | J9: High cognitive latency and spatial distortion when conveying complex visual scenes across skin-touch feedback. | K9: A wearable haptic/tactile feedback matrix encoding spatial clearance and obstacle proximity via cutaneous cues. | L9: Tactile & Sensory Substitution Systems (TSSS) | M9: Tactile-Actuation, Corridor-Navigation, Human-Factors-Usability, Wearable-Embedded | N9: Original assignment for David (Row 9) | O9: Screened / Excluded | P9: REF-008
A10: David | B10: 10.1109/EIT51626.2021.9491913 | C10: Visually Impaired Indoor Navigation using YOLO Based Object Recognition, Monocular Depth Estimation and Binaural Sounds | D10: 2021 | E10: IEEE | F10: https://ieeexplore.ieee.org/document/9491913 | G10: Monocular RGB Camera Deep Learning ResNet-50 Backbone Encoder–Decoder Network YOLOv8 Object Detection Monocular Depth Estimation Object Distance Estimation D-Far250 Dataset KITTI Dataset Binaural/Spatial Audio HRTF | H10: Excluded | I10: restricted access | J10: Difficulty detecting objects and understanding their distance and spatial position during indoor navigation. | K10: YOLO detects objects. Monocular depth estimation estimates object distance. Spatial information is converted into binaural audio. Audio provides directional and distance information to the user. | L10: Edge Computer Vision & 3D Spatial Perception (CV-3D) | M10: Depth-Sensing, AI-Object-Detection, Corridor-Navigation, Human-Factors-Usability | N10: Original assignment for David (Row 10) | O10: Screened / Excluded | P10: REF-009
A11: David | B11: 10.1109/TITS.2022.3161141 | C11: Trans4Trans: Efficient Transformer for Transparent Object and Semantic Scene Segmentation in Real-World Navigation Assistance | D11: 2021 | E11: arXiv | F11: https://ieeexplore.ieee.org/document/9743965 | G11: RGB-D Camera Portable GPU Trans4Trans Transformer Transformer Parsing Module (TPM) Semantic Segmentation Transparent Object Segmentation Depth Information Bone-Conduction Earphone | H11: Excluded | I11: restricted access | J11: Transparent objects such as glass doors and glass walls can be incorrectly interpreted as free/walkable space. | K11: Detect transparent objects separately. Combine transparent-object segmentation with semantic segmentation and depth information. Provide navigation feedback to the visually impaired user. | L11: Edge Computer Vision & 3D Spatial Perception (CV-3D) | M11: Depth-Sensing, AI-Object-Detection, Corridor-Navigation, Human-Factors-Usability, Wearable-Embedded | N11: Original assignment for David (Row 11) | O11: Screened / Excluded | P11: REF-010
A12: David | B12: 10.1109/TOH.2021.3138590 | C12: In-Device Feedback in Immersive Head-Mounted Displays for Distance Perception During Teleoperation of Unmanned Ground Vehicles | D12: 2022 | E12: arXiv | F12: https://ieeexplore.ieee.org/document/9664257 | G12: Tactile & Sensory Substitution Hardware | H12: Excluded | I12: Different feild of study (The actual application is remote control of unmanned ground vehicles0 | J12: Sensory substitution bottlenecks and spatial perception limitations in visual impairment assistance. | K12: A multi-modal assistive navigation framework translating real-time sensory data into intuitive non-visual guidance. | L12: Tactile & Sensory Substitution Systems (TSSS) | M12: Tactile-Actuation, Depth-Sensing, Corridor-Navigation, Wearable-Embedded | N12: Original assignment for David (Row 12) | O12: Screened / Excluded | P12: REF-011
A13: David | B13: 10.48550/arXiv.2201.04453 | C13: Obstacle Avoidance for Blind People Using a 3D Camera and a Haptic Feedback Sleeve | D13: 2022 | E13: arXiv / CoRR | F13: https://arxiv.org/abs/2201.04453 | G13: Intel RealSense D415 3D Camera 3D Point Cloud Depth Mapping AAEON Up Board 5×5 Haptic Feedback Sleeve Vibration Motor Array Spatial Depth-to-Haptic Mapping 3D-Printed Glasses | H13: Included | I13: Meets inclusion criteria for assistive spatial navigation, tactile feedback, or obstacle detection. | J13: Limited obstacle detection range using conventional aids. Difficulty providing multidimensional information about obstacles. Some existing approaches depend on lighting conditions. | K13: Capture 3D depth information using the RealSense camera. Convert the depth map into a 5×5 spatial representation. Map each region to a corresponding vibration motor. Use vibration intensity to communicate obstacle distance. | L13: Edge Computer Vision & 3D Spatial Perception (CV-3D) | M13: Tactile-Actuation, Depth-Sensing, Corridor-Navigation, Human-Factors-Usability, Wearable-Embedded | N13: Original assignment for David (Row 13) | O13: Primary SLR Target | P13: REF-012
... A29: Taha | B29: 10.1109/JAS.2021.1004084 | C29: An RGB-D Camera Based Visual Positioning System for Assistive Navigation by a Robotic Navigation Aid | D29: 2021 | E29: IEEE | F29: https://www.ieee-jas.net/article/doi/10.1109/JAS.2021.1004084?pageType=en | G29: RGB-D Camera IMU Visual-Inertial Odometry (VIO) 6-DOF Pose Estimation Particle Filter Localization Indoor CAD/Floor Plans Path Planning & Obstacle Avoidance Real-time processing | H29: Included | I29: Because it focuses on assistiv navigation for impaired users and combine computer vision with RGB and real time navigation | J29: blind people need reliable navigation assistance in large indoor environments Existing mobility tools such as white canes and guide dogs do not provide electronic localization/navigation information | K29: The paper develops a real-time visual positioning system for a robotic navigation aid. It combines an RGB-D camera + IMU to estimate the device's 6-DOF pose, then uses a particle filter and indoor CAD floor-plan information to reduce localization error and support wayfinding | L29: Ground Segmentation & Safe Path Navigation (GS-PN) | M29: Depth-Sensing, AI-Object-Detection, Corridor-Navigation, Human-Factors-Usability | N29: Original assignment for Taha (Row 29) | O29: Primary SLR Target | P29: REF-028
A30: Taha | B30: N/A | C30: [Reserved Template Slot / Excluded] | D30: N/A | E30: N/A | F30: N/A | G30: N/A | H30: Excluded | I30: Empty placeholder slot in original allocation template. | J30: N/A | K30: N/A | L30: Excluded (Template Slot) | N30: Reserved slot for Taha (Empty in original) | O30: Template Slot | P30: REF-SLOT-030
A31: Taha | B31: 10.5220/0006617505550562 | C31: Wearable RGB Camera-based Navigation System for the Visually Impaired | D31: 2018 | E31: SciTePress | F31: https://www.scitepress.org/PublishedPapers/2018/66175/ | G31: X | H31: Excluded | I31: Published by SciTePress | J31: X | K31: X | L31: Edge Computer Vision & 3D Spatial Perception (CV-3D) | M31: Corridor-Navigation, Human-Factors-Usability, Wearable-Embedded | N31: Original assignment for Taha (Row 31) | O31: Screened / Excluded | P31: REF-029
A32: Taha | B32: 10.1177/20552076251408522 | C32: Sensory-driven micro-interventions for improved health and wellbeing | D32: 2025 | E32: Sage | F32: https://journals.sagepub.com/home/dhj | G32: AI / Machine Learning IoT Wearable sensors Sensory devices & interfaces Real-time data collection and processing Sensory substitution Vibrotactile / haptic feedback Smartphones and connected devices Embedded sensors | H32: Included | I32: included because paper support sensory substituation and hapitic feedback concept of super Brain it discusses technologies that convert environmental/visual information into tactile feedback for visually impaired users | J32: sensory technologies work separately there no simple system for continuously monitoring sensory changes and providing personalized help when needed | K32: The paper proposes using AI IoT wearable sensors and sensory devices to monitor sensory changes and provide personalized sensory training | L32: Tactile & Sensory Substitution Systems (TSSS) | M32: Tactile-Actuation, AI-Object-Detection, Human-Factors-Usability, Wearable-Embedded | N32: Original assignment for Taha (Row 32) | O32: Primary SLR Target | P32: REF-030
A33: Taha | B33: 10.1007/s42486-023-00136-7 | C33: A smart obstacle avoiding technology based on depth camera for blind and visually impaired people | D33: 2023 | E33: Springer Nature | F33: https://link.springer.com/article/10.1007/s42486-023-00136-7? | G33: Depth/RGB-D Camera — Intel RealSense D435i 3D Point Cloud L-PointPillars Deep Learning / Neural Network Depthwise Separable Convolution Attention Mechanism NVIDIA Jetson Xavier NX PyTorch + Python Text-to-Speech (TTS) Audio Feedback | H33: Included | I33: Included because it uses a depth camera and AI-based obstacle detection to help blind and visually impaired people navigate safely outdoors | J33: impaired people difficult detecting and avoiding obstacles when traveling outdoors. Existing assistive devices have limited detection range and limited computing power | K33: The paper proposes a wearable system that uses a depth camera and L-PointPillars to detect obstacles in real time and gives audio information about the obstacle and its distance | L33: Edge Computer Vision & 3D Spatial Perception (CV-3D) | M33: Depth-Sensing, AI-Object-Detection, Corridor-Navigation, Human-Factors-Usability, Wearable-Embedded | N33: Original assignment for Taha (Row 33) | O33: Primary SLR Target | P33: REF-031
A34: Taha | B34: 10.1016/j.eswa.2023.121065 | C34: A data fusion framework based on heterogeneous information network embedding for trigger-action programming in IoT | D34: 2023 | E34: Elsevier | F34: https://www.sciencedirect.com/science/article/abs/pii/S0957417423015671?via%3Dihub | G34: IoT Artificial Intelligence of Things (NLP) Heterogeneous Information Network HIN Embedding Metagraph-guided Random Walk Skip-gram Multi-label Classification | H34: Included | I34: there are too many trigger-action combinations that is difficult and time-consuming for users to create IoT recipes manually | J34: Limited environmental awareness for visually impaired individuals; high cognitive load from unsimplified sensory streams; lack of intuitive distance perception. | K34: The paper proposes TAPFuser an IoT framework that uses NLP and HIN embedding to understand natural-language requests and automatically recommend suitable trigger-action recipe | L34: Cognitive Ergonomics & Blind Usability (CE-BU) | M34: Depth-Sensing, Human-Factors-Usability | N34: Original assignment for Taha (Row 34) | O34: Primary SLR Target | P34: REF-032
A35: Taha | B35: 10.1038/s41928-023-01074-z | C35: A skin-integrated multimodal haptic interface for immersive tactile feedback | D35: 2023 | E35: Nature | F35: https://doi.org/10.1038/s41928-023-01074-z | G35: RGB Camera, Raspberry Pi & ESP32, Electrotactile Array, Classical CV & Feature Extraction, Electrotactile Array | H35: Included | I35: Wearable skin-integrated tactile actuator arrays (mechanical, electrotactile, thermal) for VR; relevant to the tactile display layer, though not designed or tested for VI navigation. | J35: X | K35: X | L35: Tactile & Sensory Substitution Systems (TSSS) | M35: Tactile-Actuation, Corridor-Navigation, Wearable-Embedded | N35: Original assignment for Taha (Row 35) | O35: Primary SLR Target | P35: REF-033
A36: Taha | B36: 10.1002/aisy.70450 | C36: Enhanced Monocular Depth Estimation Using ResNet Backbone and Multiscale Feature Decoding for Precise Object Distance Measurement | D36: 2026 | E36: Wiley | F36: https://www.nature.com/articles/s41928-023-01074-z | G36: Monocular RGB Camera Deep Learning ResNet-based Encoder–Decoder Multiscale Feature Decoding YOLOv8 Object Detection Monocular Depth Estimation Object Distance Estimation D-Far250 Dataset KITTI Dataset | H36: Included | I36: because it uses deep learning and object detection and and monocular depth estimation to detect objects and measure their distance and that support obstacle detection and navigation in Super Brain | J36: Traditional depth systems often need expensive sensors such as LiDAR or stereo cameras while monocular systems can have difficulty estimating accurate distances especially for far objects. | K36: The paper proposes a deep-learning system that uses a single RGB camera with a ResNet-based model and YOLOv8 to estimate object depth and distance without LiDAR or stereo cameras | L36: Edge Computer Vision & 3D Spatial Perception (CV-3D) | M36: Depth-Sensing, AI-Object-Detection, Corridor-Navigation, Human-Factors-Usability | N36: Original assignment for Taha (Row 36) | O36: Primary SLR Target | P36: REF-034
A37: Taha | B37: https://doi.org/10.1016/j.patrec.2019.03.008 | C37: Enhancing perception for the visually impaired with deep learning techniques and low-cost wearable sensors | D37: 2020 | E37: Elsevier | F37: https://www.sciencedirect.com/science/article/abs/pii/S0167865519300881?via%3Dihub | G37: * Shirt-pocket miniature wireless RGB camera * smartphone , smart watch * Monocular Depth Estimation --> ResNet-50 backbone * Urban Object Detection:---> CNN detector : 7 urban obstacle classes * Spatial Discretization:---> Bins 3D space in front of the user into 9 sectors * Continuous 3-level intensity haptic feedback | H37: Included | I37: Deeplearning Techniques for Enhancing Perception for Visuall impaired | J37: * visually impaired people face the outdoor environment and connot detect teh distance of the obstacles * ETAs : Travel aids ---> relying on RGB camera , LIDAR are heavy , big , fail in sunlight , expensive | K37: * lightweigh , low cost , replace with physical depth sensors * monocular depth , couples with object dedector * descretizes 3d space , delivers continuous 3 intensity habtic vibration | L37: Edge Computer Vision & 3D Spatial Perception (CV-3D) | M37: Tactile-Actuation, Depth-Sensing, AI-Object-Detection, Human-Factors-Usability, Wearable-Embedded | N37: Original assignment for Taha (Row 37) | O37: Primary SLR Target | P37: REF-035
A38: Abdallah | B38: https://doi.org/10.1016/j.neunet.2023.12.042 | C38: Bidirectional visual-tactile cross-modal generation using latent feature space flow model | D38: 2023 | E38: Elsevier | F38: https://www.sciencedirect.com/science/article/pii/S0893608023007499?via%3Dihub | G38: * Decoupled visual and tactile Variational Autoencoders * Conditional Flow Model * Contrastive Supervision: InfoNCE contrastive loss (CLIP-style) * Sensory Modalities & Datasets: Evaluated on Touch2Go and LMT multimodal datasets * Quantitative Results: Reaches SSIM | H38: Included | I38: artificial sensory substitution by translating 2D visual inputs into tactile representations | J38: * scale discrepancy ---> global scene geometry vs. localized tactile contact * heterogeneous gap ---> pixels vs. mechanical deformation/vibration * Prior cross-modal methods were strictly unidirectional or required training two separate, unstable GAN networks , leading to inconsistent representations and heavy computational cost. | K38: * A unified generative architecture that maps visual features and tactile signals into separate VAE latent spaces, connected by an invertible conditional flow model that bidirectionally translates visual scenes into realistic tactile representations with high semantic fidelity. | L38: Tactile & Sensory Substitution Systems (TSSS) | M38: Tactile-Actuation, AI-Object-Detection | N38: Original assignment for Abdallah (Row 38) | O38: Primary SLR Target | P38: REF-036
A39: Abdallah | B39: https://ieeexplore.ieee.org/document/5165018 | C39: Wearable Obstacle Avoidance Electronic Travel Aids for Blind: A Survey | D39: 2010 | E39: IEEE | F39: https://ieeexplore.ieee.org/document/5165018 | G39: ------------------ | H39: Excluded | I39: Survey | J39: ------------------ | K39: ------------------ | L39: Ground Segmentation & Safe Path Navigation (GS-PN) | M39: Corridor-Navigation, Human-Factors-Usability, Wearable-Embedded | N39: Original assignment for Abdallah (Row 39) | O39: Screened / Excluded | P39: REF-037
A40: Abdallah | B40: https://doi.org/10.1007/s11042-021-11287-z | C40: Design and development of an indoor navigation system using denoising autoencoder based convolutional neural network for visually impaired people | D40: 2021 | E40: Springer | F40: https://link.springer.com/article/10.1007/s11042-021-11287-z | G40: * DAECNN Architecture * Multi-Angle Visual Localization --> Classifies 12 discrete viewing angles * Evaluation & Dataset---> Trained on 11,190 indoor frames | H40: Included | I40: Vision-Based Indoor Navigation & Visual Localization | J40: * GPS satellite signals cannot penetrate indoor environments * Alternative indoor positioning technologies ----> expensive, power consumpsion * Camera images captured while walking suffer from heavy motion blur, camera shaking, | K40: * Implements the DAECNN pipeline ---> enoising autoencoder to strip noise and motion blur * user positioning accuracy without external infrastructure | L40: Edge Computer Vision & 3D Spatial Perception (CV-3D) | M40: AI-Object-Detection, Corridor-Navigation, Human-Factors-Usability | N40: Original assignment for Abdallah (Row 40) | O40: Primary SLR Target | P40: REF-038
A41: Abdallah | B41: https://doi.org/10.1007/s11042-023-16355-0 | C41: Development of a visual to audio and tactile substitution system for mobility and orientation of visually impaired people: a review | D41: 2023 | E41: Springer | F41: https://link.springer.com/article/10.1007/s11042-023-16355-0 | G41: * Sensory Substitution ---> visual-to-audio , visual-to-tactile * Reviews RGB cameras, depth sensors, ultrasonic transducers, and deep learning object/obstacle recognition models. | H41: Included | I41: Comprehensive Review of Visual-to-Tactile & Audio Sensory Substitution | J41: * white canes cannot detect elevated, head-height, or distant obstacles. * Existing assistive systems are non-adaptable, expensive, and heavily | K41: * prioritizing low-cost wearable tactile arrays that preserve hearing , simplify visual scene features into intuitive haptic patterns, and utilize structured user training protocols. | L41: Tactile & Sensory Substitution Systems (TSSS) | M41: Tactile-Actuation, Depth-Sensing, AI-Object-Detection, Human-Factors-Usability, Wearable-Embedded | N41: Original assignment for Abdallah (Row 41) | O41: Primary SLR Target | P41: REF-039
A42: Abdallah | B42: https://doi.org/10.1049/ell2.70570 | C42: A Portable Intelligent Navigation System Based on Embedded Hybrid Computing for Visually Impaired People | D42: 2026 | E42: Wiley | F42: https://ietresearch.onlinelibrary.wiley.com/doi/10.1049/ell2.70570 | G42: * Multi-core STM32MP157F system * Hybrid Edge-Cloud Architecture * natural-language voice feedback for destination guidance and traffic | H42: Included | I42: Embedded System Design & Hybrid Vision-Tactile Navigation | J42: * risks at street intersections, pedestrian crossings, and outdoor sidewalks * Running deep visual-language models entirely on-device causes overheating * battery exhaustion , lag *cloud services risks complete failure in poor network coverage | K42: * A layered, hybrid embedded architecture where a multi-core STM32 * manages local low-latency sensor * high-level visual scene interpretation to cloud vision-language models | L42: Ground Segmentation & Safe Path Navigation (GS-PN) | M42: Tactile-Actuation, AI-Object-Detection, Corridor-Navigation, Human-Factors-Usability, Wearable-Embedded | N42: Original assignment for Abdallah (Row 42) | O42: Primary SLR Target | P42: REF-040
... A64: Hend | B64: 10.1177/20556683251316305 | C64: The development of a wearable goggle echolocation device to support people who are visually impaired with unhindered and unaided movement | D64: 2025 | E64: Sage | F64: https://journals.sagepub.com/doi/10.1177/20556683251316305 | G64: The wearable echolocation device was developed using three ultrasonic sensors, one placed in the right, left, and middle of the goggle with each connected to a buzzer | H64: Included | I64: Low-cost wearable goggle with three ultrasonic sensors and audio cues plus audible compass for VI obstacle avoidance; tested with VI/blind users. | J64: Cannot detect drop-offs such as gutters or valleys; soft fabrics and foams distort ultrasonic ranging; small sample; goggle fabrication not described. | K64: Community-engaged design; three HC-SR04 ultrasonic sensors (left/centre/right) on a VR goggle shell, Arduino Nano, ISD voice chip playing 8 recorded sounds, HMC5883L audible compass; five indoor tasks repeated 10 times by VI participants. | L64: Ground Segmentation & Safe Path Navigation (GS-PN) | M64: Depth-Sensing, Corridor-Navigation, Human-Factors-Usability, Wearable-Embedded | N64: Original assignment for Hend (Row 64) | O64: Primary SLR Target | P64: REF-062
A65: Hend | B65: N/A | C65: EMPOWERING VISUALLY IMPAIRED INDIVIDUALS WITH HOLISTIC ASSISTANCE USING REAL-TIME SPATIAL AWARENESS SYSTEM | D65: 2024 | E65: 2024 | F65: N/A | G65: Jetson Orin Nano | H65: Excluded | I65: unknown | J65: NR (results and conclusion chapters not included in the 24-page excerpt) | K65: Layered architecture: ArUco markers for place recognition and node-map path planning, YOLOv8 detection/tracking, depth-based object localisation and obstacle avoidance, TTS/STT interface; evaluated in environments simulating real-world scenarios. | L65: Edge Computer Vision & 3D Spatial Perception (CV-3D) | M65: Depth-Sensing, AI-Object-Detection, Corridor-Navigation, Human-Factors-Usability, Wearable-Embedded | N65: Original assignment for Hend (Row 65) | O65: Screened / Excluded | P65: REF-063
A66: Hend | B66: N/A | C66: Computer Vision for Assistive Technologies: Enhancing Environmental Perception for the Visually Impaired | D66: 45778 | E66: New York University (ProQuest) | F66: N/A | G66: Nvidia Jetson Xavier NX (backpack); ESP32S3 + smartphone for ChatMap | H66: Excluded | I66: unknown | J66: NR (limitations sections not included in the 24-page excerpt) | K66: Monocular wearable system with resolution-adaptive YOLO and trajectory estimation; vision-language models anchored in scene graphs; CORA and EMBOSR robotic reasoning models; evaluated on KITTI, Visual7W, LVSQA, SQA3D and own datasets. | L66: Edge Computer Vision & 3D Spatial Perception (CV-3D) | M66: AI-Object-Detection, Human-Factors-Usability, Wearable-Embedded | N66: Original assignment for Hend (Row 66) | O66: Screened / Excluded | P66: REF-064
A67: Hend | B67: https://doi.org/10.1016/j.heliyon.2024.e31825 | C67: A comprehensive review of navigation systems for visually impaired individuals | D67: 2024 | E67: heliyon | F67: https://www.cell.com/heliyon/fulltext/S2405-8440(24)07856-3?_returnURL=https%3A%2F%2Flinkinghub.elsevier.com%2Fretrieve%2Fpii%2FS2405844024078563%3Fshowall%3Dtrue | G67: RGB Camera, Raspberry Pi & ESP32, Vibrotactile (ERM/LRA), Visual SLAM & Tracking, Vibrotactile (ERM/LRA) | H67: Excluded | I67: unknown | J67: Limited environmental awareness for visually impaired individuals; high cognitive load from unsimplified sensory streams; lack of intuitive distance perception. | K67: 8x8 (64) Vibrotactile (ERM/LRA) display placed on Torso / Vest using Visual SLAM & Tracking. | L67: Tactile & Sensory Substitution Systems (TSSS) | M67: Tactile-Actuation, Depth-Sensing, Corridor-Navigation, Human-Factors-Usability, Wearable-Embedded | N67: Original assignment for Hend (Row 67) | O67: Screened / Excluded | P67: REF-065
A68: Hend | B68: 1905-07-17 00:00:00 | C68: Recruitment of Occipital Cortex during Sensory Substitution Training Linked to Subjective Experience of Seeing in People with Blindness | D68: 40765 | E68: plos one | F68: https://doi.org/1905-07-17 00:00:00 | G68: Tactile & Sensory Substitution Hardware | H68: Excluded | I68: unknown | J68: Sensory substitution bottlenecks and spatial perception limitations in visual impairment assistance. | K68: A multi-modal assistive navigation framework translating real-time sensory data into intuitive non-visual guidance. | L68: Tactile & Sensory Substitution Systems (TSSS) | M68: Tactile-Actuation, Corridor-Navigation, Human-Factors-Usability | N68: Original assignment for Hend (Row 68) | O68: Screened / Excluded | P68: REF-066
A69: Hend | B69: N/A | C69: [Reserved Template Slot / Excluded] | D69: N/A | E69: N/A | F69: N/A | G69: N/A | H69: Excluded | I69: Empty placeholder slot in original allocation template. | J69: N/A | K69: N/A | L69: Excluded (Template Slot) | N69: Reserved slot for Hend (Empty in original) | O69: Template Slot | P69: REF-SLOT-069
A70: Hend | B70: N/A | C70: [Reserved Template Slot / Excluded] | D70: N/A | E70: N/A | F70: N/A | G70: N/A | H70: Excluded | I70: Empty placeholder slot in original allocation template. | J70: N/A | K70: N/A | L70: Excluded (Template Slot) | N70: Reserved slot for Hend (Empty in original) | O70: Template Slot | P70: REF-SLOT-070
A71: Hend | B71: N/A | C71: [Reserved Template Slot / Excluded] | D71: N/A | E71: N/A | F71: N/A | G71: N/A | H71: Excluded | I71: Empty placeholder slot in original allocation template. | J71: N/A | K71: N/A | L71: Excluded (Template Slot) | N71: Reserved slot for Hend (Empty in original) | O71: Template Slot | P71: REF-SLOT-071
A72: Hend | B72: N/A | C72: [Reserved Template Slot / Excluded] | D72: N/A | E72: N/A | F72: N/A | G72: N/A | H72: Excluded | I72: Empty placeholder slot in original allocation template. | J72: N/A | K72: N/A | L72: Excluded (Template Slot) | N72: Reserved slot for Hend (Empty in original) | O72: Template Slot | P72: REF-SLOT-072
A73: Hend | B73: 10.1007/s12559-026-10547-0 | C73: Multi-modal Zebra Crossing Detection Framework for Visually Impaired Navigation | D73: 2026 | E73: Springer | F73: https://link.springer.com/article/10.1007/s12559-026-10547-0 | G73: YOLOv11 - Hough Line Transform (HLT) - Haze U-Net + LeNet-MFCN - CNN + Cross-Attention - Text-to-Speech (TTS) | H73: Included | I73: The AI-powered navigation system detects pedestrian crossings, traffic signals, and obstacles, assisting the blind and visually impaired. This is linked to the "Super Brain" initiative, which focuses on technologies that ensure highly safe navigation. | J73: Blind individuals face challenges such as the high cost of assistive technologies, limited datasets, overfitting, and poor detection in low-light conditions, fog, and complex traffic situations. | K73: MZCDFVIN + YOLOv11 + HLT + CNN + Haze U-Net + LeNet + SROA for real-time detection and navigation assistance. | L73: Ground Segmentation & Safe Path Navigation (GS-PN) | M73: AI-Object-Detection, Corridor-Navigation, Human-Factors-Usability | N73: Original assignment for Hend (Row 73) | O73: Primary SLR Target | P73: REF-067
A74: Mostafa | B74: 10.1007/s12193-025-00463-2 | C74: Haptic and auditory cues: a study on independent navigation for visually impaired individuals | D74: 2025 | E74: Springer | F74: https://link.springer.com/article/10.1007/s12193-025-00463-2 | G74: Intel RealSense D435i stereo vision camera - Depth-map processing & obstacle detection - Odroid-N2 single-board computer - Wearable haptic belt with - 22 vibrating actuators - Auditory feedback / speakers - Bluetooth | H74: Included | I74: Paper is developing a wearable device that utilizes haptic and auditory signals to help the blind and visually impaired move around freely. This initiative is linked to the Super Brain project, as it focuses on leveraging technology to assist individuals with visual impairments. | J74: Current assistive navigation systems struggle to convert visual information into tactile or auditory information in a way that is easy to understand. | K74: Stereo vision + depth processing + haptic belt + auditory feedback + user-controlled operating modes. | L74: Tactile & Sensory Substitution Systems (TSSS) | M74: Tactile-Actuation, Depth-Sensing, Corridor-Navigation, Human-Factors-Usability, Wearable-Embedded | N74: Original assignment for Mostafa (Row 74) | O74: Primary SLR Target | P74: REF-068
A75: Mostafa | B75: 10.1007/s12193-024-00447-8 | C75: The effects of haptic, visual and olfactory augmentations on food consumed while wearing an extended reality headset | D75: 2024 | E75: Springer | F75: https://link.springer.com/article/10.1007/s12193-024-00447-8 | G75: Varjo XR-3 extended reality headset - QR-code tracking cube - Electromagnetic actuators - Arduino control system - Olfactory necklace display - Air compressor + odor bottles | H75: Included | I75: Paper employs haptic, visual, and olfactory feedback delivered via an extended reality headset to alter how people perceive food. this is linked to the Super Brain concept, as it utilizes sensory-based technology to modify human sensory perception. | J75: Plant-based foods can be healthier and more sustainable, but they may not provide the same pleasant eating experience people expect from conventional foods. | K75: A multisensory XR system combining visual + haptic + olfactory augmentation. | L75: Tactile & Sensory Substitution Systems (TSSS) | M75: Tactile-Actuation, Human-Factors-Usability, Wearable-Embedded | N75: Original assignment for Mostafa (Row 75) | O75: Primary SLR Target | P75: REF-069
A76: Mostafa | B76: 10.1007/s12193-023-00427-4 | C76: Review of substitutive assistive tools and technologies for people with visual impairments: recent advancements and prospects | D76: 2023 | E76: Springer | F76: https://link.springer.com/article/10.1007/s12193-023-00427-4 | G76: Electronic Travel Aids (ETAs) - Sensory substitution devices - Computer vision systems - Wearable haptic devices - Audio-based navigation systems - AI and machine learning | H76: Included | I76: The paper explores assistive and sensory-based technologies designed for the blind and visually impaired including visual, auditory, and tactile systems. This ties into the Super Brain concept, as it involves technologies that compensate for the sense of sight or support it by utilizing other sensory inputs. | J76: There are various technologies designed primarily to assist visually impaired individuals with their work, but they suffer from issues regarding ease of use and ease of learning. | K76: User-centered + multimodal assistive technology, with visually impaired users involved throughout design and testing. | L76: Tactile & Sensory Substitution Systems (TSSS) | M76: Tactile-Actuation, AI-Object-Detection, Corridor-Navigation, Human-Factors-Usability, Wearable-Embedded | N76: Original assignment for Mostafa (Row 76) | O76: Primary SLR Target | P76: REF-070
A77: Mostafa | B77: 10.1007/s12193-021-00376-w | C77: SoundSight: a mobile sensory substitution device that sonifies colour, distance, and temperature | D77: 2021 | E77: Springer | F77: https://link.springer.com/article/10.1007/s12193-021-00376-w | G77: Mobile sensory substitution device - Colour sensor - Distance sensor - Temperature sensor - Sonification system - Headphones | H77: Included | I77: The video showcases a device called SoundSight, designed for sensory substitution. it converts color, distance, and temperature into sounds to assist visually impaired users. This is naturally linked to the Super Brain concept, as it relies on alternative sensory inputs to help users understand their surroundings. | J77: It is difficult to rely on current sensory substitution devices in the long term due to their high cost and the difficulty of learning how to use them. | K77: SoundSight converts visual/depth/thermal information into real-time sounds using a smartphone and different sensors | L77: Tactile & Sensory Substitution Systems (TSSS) | M77: Tactile-Actuation, Depth-Sensing, Human-Factors-Usability, Wearable-Embedded | N77: Original assignment for Mostafa (Row 77) | O77: Primary SLR Target | P77: REF-071
A78: Mostafa | B78: 10.1007/s11042-026-21198-6 | C78: BLE and surveillance camera-based navigation system for visually impaired people | D78: 2026 | E78: Springer | F78: https://link.springer.com/article/10.1007/s11042-026-21198-6 | G78: BLE (Bluetooth Low Energy) - Surveillance cameras - Computer vision - AI-based object/obstacle detection - Navigation system | H78: Included | I78: Paper is developing a navigation system for the blind and visually impaired that utilizes BLE, surveillance cameras, and AI to detect obstacles. This initiative is linked to the Super Brain project, as it provides assistive navigation technology for users such as the blind and those with low vision. | J78: Limited environmental awareness for visually impaired individuals; high cognitive load from unsimplified sensory streams; lack of intuitive distance perception. | K78: 3x3 Matrix Vibrotactile (ERM/LRA) display placed on Hand / Palm using Classical CV & Feature Extraction. | L78: Tactile & Sensory Substitution Systems (TSSS) | M78: Tactile-Actuation, Depth-Sensing, AI-Object-Detection, Corridor-Navigation, Human-Factors-Usability | N78: Original assignment for Mostafa (Row 78) | O78: Primary SLR Target | P78: REF-072
A79: Mostafa | B79: 10.1007/s11042-026-21158-0 | C79: Enhancing the experience of film with a wearable tactile/ haptic suit | D79: 2026 | E79: Springer | F79: https://link.springer.com/article/10.1007/s11042-026-21158-0 | G79: Wearable Bubble Suit - Pressure-based Haptic Feedback - Arduino control system - Air Pump - PVC Air Bubbles - Silicone Air Tubes - Noise-cancelling headphones | H79: Excluded | I79: Wearable pneumatic haptics for cinema entertainment in sighted viewers; no link to VI assistance, navigation or sensory substitution beyond generic wearable haptics. | J79: Limited environmental awareness for visually impaired individuals; high cognitive load from unsimplified sensory streams; lack of intuitive distance perception. | K79: 1x8 Belt Array Vibrotactile (ERM/LRA) display placed on Abdomen / Waist Belt using Classical CV & Feature Extraction. | L79: Tactile & Sensory Substitution Systems (TSSS) | M79: Tactile-Actuation, Depth-Sensing, Corridor-Navigation, Human-Factors-Usability, Wearable-Embedded | N79: Original assignment for Mostafa (Row 79) | O79: Screened / Excluded | P79: REF-073
A80: Mostafa | B80: 10.1007/s00530-025-02139-z | C80: Assisting blind people with AI and audio using smart glasses: system design with YOLOv8 variants comparisons | D80: 2026 | E80: Springer | F80: https://link.springer.com/article/10.1007/s00530-025-02139-z | G80: Vuzix Blade 2 Smart Glasses - YOLOv8 - Simple Online and Realtime Tracking - Distance Estimation - Azure AI Vision / OCR - Microsoft Cognitive Speech Service - TensorFlow Lite - OpenCV - WebSocket - Unity | H80: Included | I80: Paper is developing AI-powered smart glasses that feature object detection, optical character recognition (OCR), and audio feedback to help the blind navigate safely. This initiative is linked to the Super Brain concept, as it combines AI with sensory assistance to support users with visual impairments. | J80: Limited environmental awareness for visually impaired individuals; high cognitive load from unsimplified sensory streams; lack of intuitive distance perception. | K80: 8x8 (64) Vibrotactile (ERM/LRA) display placed on Abdomen / Waist Belt using Deep Learning (YOLO/CNN). | L80: Edge Computer Vision & 3D Spatial Perception (CV-3D) | M80: Tactile-Actuation, Depth-Sensing, AI-Object-Detection, Corridor-Navigation, Human-Factors-Usability, Wearable-Embedded | N80: Original assignment for Mostafa (Row 80) | O80: Primary SLR Target | P80: REF-074
A81: Mostafa | B81: 10.1007/s00221-026-07309-7 | C81: Agents’ awareness of visuo-motor incongruency determines changes in haptic sensitivity | D81: 2026 | E81: Springer | F81: https://link.springer.com/article/10.1007/s00221-026-07309-7 | G81: Robotic manipulandum - Visual feedback system - Haptic stimulation - Visuo-motor perturbation - Force/position sensors | H81: Included | I81: The paper examines how individuals awareness of visual and motor changes affects tactile sensitivity. | J81: Limited environmental awareness for visually impaired individuals; high cognitive load from unsimplified sensory streams; lack of intuitive distance perception. | K81: 3x3 Matrix Vibrotactile (ERM/LRA) display placed on Hand / Palm using Classical CV & Feature Extraction. | L81: Tactile & Sensory Substitution Systems (TSSS) | M81: Tactile-Actuation, Depth-Sensing, Human-Factors-Usability | N81: Original assignment for Mostafa (Row 81) | O81: Primary SLR Target | P81: REF-075
A82: Mostafa | B82: 10.1007/s00221-021-06181-x | C82: Tactile spatial discrimination on the torso using vibrotactile and force stimulation | D82: 2021 | E82: Springer | F82: https://link.springer.com/article/10.1007/s00221-021-06181-x | G82: Vibrotactile actuators - Force-feedback actuators - Wearable tactile vest - Vibrotactile stimulation system - Force stimulation system | H82: Excluded | I82: The paper discusses vibration and pressure stimulation using haptic vests capable of covering the torso. | J82: Limited environmental awareness for visually impaired individuals; high cognitive load from unsimplified sensory streams; lack of intuitive distance perception. | K82: 1x8 Belt Array Vibrotactile (ERM/LRA) display placed on Abdomen / Waist Belt using Classical CV & Feature Extraction. | L82: Tactile & Sensory Substitution Systems (TSSS) | M82: Tactile-Actuation, Depth-Sensing, Human-Factors-Usability, Wearable-Embedded | N82: Original assignment for Mostafa (Row 82) | O82: Screened / Excluded | P82: REF-076
A83: Mostafa | B83: 10.1016/j.brainres.2015.06.033 | C83: The role of visual deprivation and experience on the performance of sensory substitution devices | D83: 2015 | E83: Elsevier | F83: https://www.sciencedirect.com/science/article/abs/pii/S0006899315005156?via%3Dihub | G83: Vibrotactile technology - Force-feedback technology | H83: Included | I83: The paper discusses sensory substitution devices and how the visual experience influences their performance. This study offers a significant advantage the concept of a super brain as it involves specific technologies that enable users to process information through alternative sensory inputs. | J83: People who use sensory substitution devices often require a significant amount of training to understand the alternative sensory information. | K83: The solution lies in intensive training and experience two important elements for improving performance. | L83: Tactile & Sensory Substitution Systems (TSSS) | M83: Tactile-Actuation | N83: Original assignment for Mostafa (Row 83) | O83: Primary SLR Target | P83: REF-077
A84: Mostafa | B84: 10.1109/TOH.2021.3138590 | C84: In-Device Feedback in Immersive Head-Mounted Displays for Distance Perception During Teleoperation of Unmanned Ground Vehicles | D84: 2022 | E84: arXiv | F84: https://ieeexplore.ieee.org/document/9664257 | G84: Tactile & Sensory Substitution Hardware | H84: Excluded | I84: Different feild of study (The actual application is remote control of unmanned ground vehicles0 | J84: Sensory substitution bottlenecks and spatial perception limitations in visual impairment assistance. | K84: A multi-modal assistive navigation framework translating real-time sensory data into intuitive non-visual guidance. | L84: Tactile & Sensory Substitution Systems (TSSS) | M84: Tactile-Actuation, Depth-Sensing, Corridor-Navigation, Wearable-Embedded | N84: Original assignment for Mostafa (Row 84) | O84: Screened / Excluded | P84: REF-078
... A89: Farah | B89: s41378-026-01190-8 | C89: Complementary visual localization and tactile mapping approach for robotic perception of millimeter-sized objects with irregular surfaces | D89: 2026 | E89: Nature | F89: https://www.nature.com/articles/s41378-026-01190-8 | G89: visual localization - tactile sensing | H89: Included | I89: This study provides a technological foundation for enhancing the autonomy and adaptability of humanoid robots in unpredictable and unstructured environments, particularly to support precise robot manipulation in such conditions. | J89: robots can't percieve small and irregular objects | K89: Foundation for sensory substitution systems that help robots percieve small and irregular objects | L89: Tactile & Sensory Substitution Systems (TSSS) | M89: Tactile-Actuation, Human-Factors-Usability | N89: Original assignment for Farah (Row 89) | O89: Primary SLR Target | P89: REF-083
A90: Farah | B90: N/A | C90: [Reserved Template Slot / Excluded] | D90: N/A | E90: N/A | F90: N/A | G90: N/A | H90: Excluded | I90: Empty placeholder slot in original allocation template. | J90: N/A | K90: N/A | L90: Excluded (Template Slot) | N90: Reserved slot for Farah (Empty in original) | O90: Template Slot | P90: REF-SLOT-090
A91: Farah | B91: N/A | C91: [Reserved Template Slot / Excluded] | D91: N/A | E91: N/A | F91: N/A | G91: N/A | H91: Excluded | I91: Empty placeholder slot in original allocation template. | J91: N/A | K91: N/A | L91: Excluded (Template Slot) | N91: Reserved slot for Farah (Empty in original) | O91: Template Slot | P91: REF-SLOT-091
A92: Farah | B92: N/A | C92: [Reserved Template Slot / Excluded] | D92: N/A | E92: N/A | F92: N/A | G92: N/A | H92: Excluded | I92: Empty placeholder slot in original allocation template. | J92: N/A | K92: N/A | L92: Excluded (Template Slot) | N92: Reserved slot for Farah (Empty in original) | O92: Template Slot | P92: REF-SLOT-092
A93: Farah | B93: N/A | C93: [Reserved Template Slot / Excluded] | D93: N/A | E93: N/A | F93: N/A | G93: N/A | H93: Excluded | I93: Empty placeholder slot in original allocation template. | J93: N/A | K93: N/A | L93: Excluded (Template Slot) | N93: Reserved slot for Farah (Empty in original) | O93: Template Slot | P93: REF-SLOT-093
A94: Farah | B94: N/A | C94: [Reserved Template Slot / Excluded] | D94: N/A | E94: N/A | F94: N/A | G94: N/A | H94: Excluded | I94: Empty placeholder slot in original allocation template. | J94: N/A | K94: N/A | L94: Excluded (Template Slot) | N94: Reserved slot for Farah (Empty in original) | O94: Template Slot | P94: REF-SLOT-094
A95: Farah | B95: N/A | C95: [Reserved Template Slot / Excluded] | D95: N/A | E95: N/A | F95: N/A | G95: N/A | H95: Excluded | I95: Empty placeholder slot in original allocation template. | J95: N/A | K95: N/A | L95: Excluded (Template Slot) | N95: Reserved slot for Farah (Empty in original) | O95: Template Slot | P95: REF-SLOT-095
A96: Farah | B96: N/A | C96: [Reserved Template Slot / Excluded] | D96: N/A | E96: N/A | F96: N/A | G96: N/A | H96: Excluded | I96: Empty placeholder slot in original allocation template. | J96: N/A | K96: N/A | L96: Excluded (Template Slot) | N96: Reserved slot for Farah (Empty in original) | O96: Template Slot | P96: REF-SLOT-096
A97: Farah | B97: N/A | C97: [Reserved Template Slot / Excluded] | D97: N/A | E97: N/A | F97: N/A | G97: N/A | H97: Excluded | I97: Empty placeholder slot in original allocation template. | J97: N/A | K97: N/A | L97: Excluded (Template Slot) | N97: Reserved slot for Farah (Empty in original) | O97: Template Slot | P97: REF-SLOT-097
A98: Fathy | B98: https://doi.org/10.1038/s41539-025-00385-4 | C98: Learning visual to auditory sensory substitution reveals flexibility in image to sound mapping | D98: 2026 | E98: Nature | F98: https://www.nature.com/articles/s41539-025-00385-4 | G98: The vOICe Visual-to-auditory sensory substitution Sensory Substitution Device (SSD) Image-to-sound mapping Spectral-temporal acoustic mapping Pitch-based spatial encoding Time-based spatial encoding Amplitude encoding for pixel brightness | H98: Included | I98: The paper presents and evaluates a relevant assistive technology for visual information accessibility, specifically The vOICe visual-to-auditory sensory substitution device (SSD), which converts visual information into sound using structured image-to-sound mappings. | J98: There is limited empirical evidence comparing fundamentally different image-to-sound axis mappings in visual-to-auditory sensory substitution systems, so it is unclear whether users must rely on the traditional pitch–elevation / time–horizontal mapping or can learn alternative mappings effectively. | K98: The study compares the traditional The vOICe image-to-sound mapping with a reversed mapping and a control condition to test whether users can learn alternative visual-to-auditory mappings effectively. | L98: Tactile & Sensory Substitution Systems (TSSS) | M98: Tactile-Actuation, Human-Factors-Usability | N98: Original assignment for Fathy (Row 98) | O98: Primary SLR Target | P98: REF-084
A99: Fathy | B99: https://doi.org/10.1038/s41539-025-00385-4 | C99: Learning visual to auditory sensory substitution reveals flexibility in image to sound mapping | D99: 2025 | E99: Nature | F99: https://www.nature.com/articles/s41539-025-00385-4 | G99: The vOICe; Sensory Substitution Device (SSD); Visual-to-auditory sensory substitution; Image-to-sound mapping; Spectral-temporal acoustic mapping; Pitch-based spatial encoding; Time-based spatial encoding; Amplitude encoding | H99: Included | I99: The study evaluates The vOICe, a visual-to-auditory sensory substitution technology designed to convert visual information into sound and support access to visual information. | J99: There is limited empirical work directly comparing fundamentally different image-to-sound axis mappings, leaving uncertainty about whether learning is constrained by traditional cross-modal correspondences such as pitch for elevation. | K99: The study compares the traditional The vOICe mapping with a reversed image-to-sound mapping and an arbitrary control mapping to determine whether users can effectively learn alternative structured visual-to-auditory mappings. | L99: Tactile & Sensory Substitution Systems (TSSS) | M99: Tactile-Actuation, Human-Factors-Usability | N99: Original assignment for Fathy (Row 99) | O99: Primary SLR Target | P99: REF-085
A100: Fathy | B100: 10.1016/j.tics.2008.07.004 | C100: Parahippocampal and retrosplenial contributions to human spatial navigation | D100: 2008 | E100: Elsevier | F100: https://www.sciencedirect.com/science/article/abs/pii/S136466130800199X? | G100: Neuroimaging fMRI Parahippocampal Place Area (PPA) Retrosplenial Complex (RSC) Spatial cognition and navigation | H100: Included | I100: Because it is published by Elsevier and directly discusses human spatial navigation, including the brain mechanisms involved in understanding scenes | J100: The paper addresses the fact that the neural systems supporting human spatial navigation were not fully understood, especially the specific roles of the parahippocampal and retrosplenial regions | K100: The paper reviews neuroimaging, neuropsychology, neuroanatomy, and neurophysiology findings to explain how the PPA represents local visual scenes while the RSC helps place those scenes within the wider environment and supports navigation toward locations that may not be currently visible | L100: Ground Segmentation & Safe Path Navigation (GS-PN) | M100: Corridor-Navigation, Human-Factors-Usability | N100: Original assignment for Fathy (Row 100) | O100: Primary SLR Target | P100: REF-086
A101: Fathy | B101: 10.1038/s41598-020-59102-3 | C101: Poor resolution at the back of the tongue is the bottleneck for spatial pattern recognition | D101: 2020 | E101: Nature | F101: https://www.nature.com/articles/s41598-020-59102-3 | G101: BrainPort Vision Pro Head-mounted camera Electro-tactile sensory substitution Tongue stimulation 20 × 20 electrode array Visual-to-tactile information conversion | H101: Included | I101: directly relevant to sensory substitution for blind people, especially using the tongue to receive visual information through electro-tactile stimulation | J101: It is unclear why tracing improves recognition: poor sensitivity, low spatial resolution, or limited processing capacity. | K101: Compare tracing, static and drawing presentations, with constant or adjusted stimulation intensity. Tracing improved recognition; results support low spatial resolution at the back of the tongue as the main limitation. | L101: Tactile & Sensory Substitution Systems (TSSS) | M101: Tactile-Actuation, AI-Object-Detection, Human-Factors-Usability, Wearable-Embedded | N101: Original assignment for Fathy (Row 101) | O101: Primary SLR Target | P101: REF-087
A102: Fathy | B102: 10.1038/s41598-019-57217-w | C102: Neural Networks Mediating Perceptual Learning in Congenital Blindness | D102: 2020 | E102: Springer Nature | F102: https://www.nature.com/articles/s41598-019-57217-w | G102: Visual-to-tactile SSD; structural MRI; voxel-based morphometry; principal component analysis | H102: Included | I102: Relevant to sensory-substitution learning and obstacle avoidance in congenital blindness. | J102: The brain structures supporting nonvisual navigation learning are not fully understood. | K102: Compare obstacle-course learning in congenitally blind and blindfolded sighted participants, and relate performance to regional brain volumes. | L102: Cognitive Ergonomics & Blind Usability (CE-BU) | M102: Tactile-Actuation, AI-Object-Detection, Corridor-Navigation, Human-Factors-Usability | N102: Original assignment for Fathy (Row 102) | O102: Primary SLR Target | P102: REF-088
A103: Fathy | B103: 10.1038/s41598-021-90132-7 | C103: Applying a novel visual-to-touch sensory substitution for studying tactile reference frames | D103: 2021 | E103: Springer Nature | F103: https://www.nature.com/articles/s41598-021-90132-7 | G103: Tactile Glove; 15 arm vibration motors; image-to-vibration conversion; spatial and temporal encoding | H103: Included | I103: Relevant to mapping visual information onto wearable tactile stimulation. | J103: The effect of body posture on interpreting tactile spatial information is unclear. | K103: Convert image columns into arm vibrations and test spatial judgments across arm postures in 52 blindfolded participants. | L103: Tactile & Sensory Substitution Systems (TSSS) | M103: Tactile-Actuation, Human-Factors-Usability, Wearable-Embedded | N103: Original assignment for Fathy (Row 103) | O103: Primary SLR Target | P103: REF-089
A104: Fathy | B104: 10.1038/s41598-021-94133-4 | C104: Training-induced plasticity enables visualizing sounds with a visual-to-auditory conversion device | D104: 2021 | E104: Springer Nature | F104: https://www.nature.com/articles/s41598-021-94133-4 | G104: The vOICe; camera glasses; headphones; crossmodal interference task; auditory tests | H104: Included | I104: Relevant to training and individual differences in auditory sensory substitution. | J104: The contribution of visual and auditory processes after SSD training remains unclear. | K104: Compare pre- and post-training sound identification with visual distractors. Measure auditory ability and subjective experience alongside training. | L104: Tactile & Sensory Substitution Systems (TSSS) | M104: Tactile-Actuation, Wearable-Embedded | N104: Original assignment for Fathy (Row 104) | O104: Primary SLR Target | P104: REF-090
A105: Fathy | B105: 10.1038/s41598-022-08187-z | C105: Congenitally blind adults learning face-shapes through auditory sensory substitution | D105: 2022 | E105: Springer Nature | F105: https://www.nature.com/articles/s41598-022-08187-z | G105: Visual-to-auditory SSD; cartoon-face sound representations; structured training | H105: Included | I105: Directly studies nonvisual recognition in congenitally blind adults. | J105: Whether people without visual experience can learn and generalize face-shape recognition through sound is uncertain. | K105: Train expert SSD users on six cartoon faces for about 12 hours, then test inverted faces and learning of six additional faces. | L105: Cognitive Ergonomics & Blind Usability (CE-BU) | M105: Tactile-Actuation, AI-Object-Detection, Human-Factors-Usability | N105: Original assignment for Fathy (Row 105) | O105: Primary SLR Target | P105: REF-091
A106: Fathy | B106: 10.1038/s41598-023-49507-1 | C106: Blind people can actively manipulate virtual objects with a novel tactile device | D106: 2023 | E106: Springer Nature | F106: https://www.nature.com/articles/s41598-023-49507-1 | G106: Mouse-shaped haptic device; tactile height and inclination cues; keyboard-controlled virtual objects | H106: Included | I106: Directly studies tactile interaction and spatial representation in blind participants. | J106: Static tactile graphics limit active manipulation and construction of spatial content. | K106: Twelve blind participants explore virtual shapes using a haptic device and reposition objects with a keyboard to solve spatial puzzles. | L106: Tactile & Sensory Substitution Systems (TSSS) | M106: Tactile-Actuation, Human-Factors-Usability | N106: Original assignment for Fathy (Row 106) | O106: Primary SLR Target | P106: REF-092
A107: Fathy | B107: 10.1038/s41598-024-74416-2 | C107: Improved YOLOv5 algorithm combined with depth camera and embedded system for blind indoor visual assistance | D107: 2024 | E107: Springer Nature | F107: https://www.nature.com/articles/s41598-024-74416-2 | G107: YOLOv5; GhostNet; coordinate attention; BiFPN; RealSense D435i; Raspberry Pi 4 B; speech interface | H107: Included | I107: Directly supports indoor object finding and distance feedback for visually impaired users. | J107: Indoor object-finding aids can be costly, difficult to carry and computationally demanding. | K107: Use a lightweight modified YOLOv5 model with RGB-depth images. Accept a spoken target and announce its distance through a voice interface. | L107: Edge Computer Vision & 3D Spatial Perception (CV-3D) | M107: Depth-Sensing, AI-Object-Detection, Corridor-Navigation, Human-Factors-Usability, Wearable-Embedded | N107: Original assignment for Fathy (Row 107) | O107: Primary SLR Target | P107: REF-093
A108: Fathy | B108: 10.1038/s41598-024-79845-7 | C108: A shape-changing haptic navigation interface for vision impairment | D108: 2024 | E108: Springer Nature | F108: https://www.nature.com/articles/s41598-024-79845-7 | G108: Shape-changing handheld haptic interface; two-axis bending; VR position and orientation tracking | H108: Included | I108: Directly evaluates nonvisual spatial guidance with visually impaired participants. | J108: Nonvisual interfaces can struggle to communicate precise navigation directions. | K108: Compare a bending interface with vibration in virtual-target localization. Visually impaired participants located targets faster and more efficiently using shape change. | L108: Tactile & Sensory Substitution Systems (TSSS) | M108: Tactile-Actuation, Corridor-Navigation, Human-Factors-Usability | N108: Original assignment for Fathy (Row 108) | O108: Primary SLR Target | P108: REF-094
A109: Fathy | B109: 10.1038/s41598-025-01529-7 | C109: Embedded solution to detect and classify head level objects using stereo vision for visually impaired people with audio feedback | D109: 1905 | E109: Springer Nature | F109: https://www.nature.com/articles/s41598-025-01529-7 | G109: Stereo vision; YOLOv5; embedded processing; range and orientation estimation; audio feedback | H109: Included | I109: Directly addresses head-level obstacle awareness for blind users. | J109: Limited environmental awareness for visually impaired individuals; high cognitive load from unsimplified sensory streams; lack of intuitive distance perception. | K109: Detect five classes of head-level objects, calculate relative range and orientation, and provide audio warnings. Evaluate the system using dataset, field and user tests. | L109: Cognitive Ergonomics & Blind Usability (CE-BU) | M109: Depth-Sensing, AI-Object-Detection, Human-Factors-Usability, Wearable-Embedded | N109: Original assignment for Fathy (Row 109) | O109: Primary SLR Target | P109: REF-095
A110: Ahmed | B110: https://doi.org/10.1038/s41598-025-08155-3 | C110: Multi-strategy dung beetle optimization for robust indoor object detection and tracking for visually impaired people with hybrid deep learning networks | D110: 21_October_2025 | E110: Nature | F110: https://www.nature.com/articles/s41598-025-08155-3 | G110: Median Filter (MF) — Image Pre-processing Mask R-CNN — Object Detection and Localization CapsNet — Feature Extraction CNN-BiLSTM — Object Detection and Classification MSDBO — Hyperparameter Optimization Computer Vision / Deep Learning | H110: Included | I110: included because it directly addresses indoor object detection and tracking for visually impaired people using computer vision and deep learning | J110: Visually impaired individuals face challenges in recognizing objects and responding to unexpected situations while navigating indoor environments. Existing object detection approaches may have limitations in accuracy, robustness, real-time performance, and adaptability to complex environments. The study addresses the need for reliable indoor object detection and tracking to support visually impaired people | K110: The proposed MSDBO-ODTHDLN model integrates image preprocessing using a median filter, the Mask R-CNN network for object detection, CapsNet for feature extraction, and a hybrid CNN-BiLSTM network for classification. A multi-strategy beetle swarm optimization (MSDBO) algorithm is employed to select hyperparameters and enhance model performance. This approach was evaluated on an indoor object detection dataset | L110: Edge Computer Vision & 3D Spatial Perception (CV-3D) | M110: AI-Object-Detection, Corridor-Navigation, Human-Factors-Usability | N110: Original assignment for Ahmed (Row 110) | O110: Primary SLR Target | P110: REF-096
A111: Ahmed | B111: https://doi.org/10.1038/s41598-025-14946-5 | C111: Leveraging assistive technology for visually impaired people through optimal deep transfer learning based object detection model | D111: 2025 | E111: Nature | F111: https://www.nature.com/articles/s41598-025-14946-5#Sec12 | G111: ABF – Image preprocessing; Faster R-CNN – Object detection; RPN – Region proposal; ResNet – Feature extraction; DenseNet-201 – Feature extraction; Bi-GRU – Classification; HOA – Hyperparameter optimization; Deep learning – AI approach; Computer vision – Visual processing. | H111: Included | I111: visually impaired people need accessible, practical, and accurate assistive technologies capable of detecting objects in their surrounding environments, while many solutions can be costly or un suitable for real time use. | J111: Limited environmental awareness for visually impaired individuals; high cognitive load from unsimplified sensory streams; lack of intuitive distance perception. | K111: This research paper develops an AI-based object detection model tailored for the blind and visually impaired, utilizing Faster R-CNN, ResNet, DenseNet-201, and Bi-GRU algorithms, while employing the "Hiking Optimization Algorithm" (HOA) to optimize the model and enhance detection accuracy. | L111: Edge Computer Vision & 3D Spatial Perception (CV-3D) | M111: Depth-Sensing, AI-Object-Detection, Human-Factors-Usability | N111: Original assignment for Ahmed (Row 111) | O111: Primary SLR Target | P111: REF-097
A112: Ahmed | B112: https://doi.org/10.1038/s41598-025-20765-5 | C112: Enhancing indoor monitoring of visually impaired people using temporal convolutional network with optimization model in IoT environment | D112: 2025 | E112: Nature | F112: https://www.nature.com/articles/s41598-025-20765-5#Abs1 | G112: IoT – Assistive/Monitoring Environment; Min-Max Normalization – Data Pre-processing; SCA – Feature Selection; TCN – Temporal Feature Learning; Attention Mechanism – Context Modeling; TCNA – Activity Classification; EOO – Hyperparameter Optimization; Deep Learning – AI Approach. | H112: Included | I112: Human activity recognition (walking, sitting, etc.) on a generic HAR dataset, only nominally framed for VI indoor monitoring; no vision, obstacle perception, haptics or navigation aid. | J112: Visually impaired and disabled individuals may face difficulties with indoor movement and daily activities, creating a need for IoT-based systems capable of monitoring and recognizing activities using sensor data. | K112: The paper develops an IoT-based deep learning model called MOAM-EIMVIP for indoor monitoring of visually impaired people. It uses min-max normalization for data preprocessing, the Sine-Cosine Algorithm (SCA) for feature selection, a Temporal Convolutional Network with an attention mechanism (TCNA) for activity classification, and the Eurasian Oystercatcher Optimizer (EOO) for hyperparameter tuning. | L112: Cognitive Ergonomics & Blind Usability (CE-BU) | M112: Tactile-Actuation, AI-Object-Detection, Corridor-Navigation, Human-Factors-Usability | N112: Original assignment for Ahmed (Row 112) | O112: Primary SLR Target | P112: REF-098
A113: Ahmed | B113: https://doi.org/10.1038/s41598-025-21720-0 | C113: Enhancing grasping ability with vibrational guidance for individuals who are blind or partially sighted | D113: 2025 | E113: Nature | F113: https://www.nature.com/articles/s41598-025-21720-0#Abs1 | G113: Vibrotactile Bracelet – Wearable Tactile Feedback; 4 ERM Vibration Motors – Directional Haptic Feedback; Precision Microdrives 306-10H – Vibration Actuators; Insta360 One R Camera – Visual Monitoring; Laptop – System Control; Control Box – Bracelet Control | H113: Included | I113: The hardware used in this paper could be useful for our project, especially the vibrotactile bracelet and vibration motors. However, the system relies on a human experimenter to determine the required movement direction and send the corresponding tactile signal to the participant. Therefore, there is no AI model or autonomous object detection system implemented in the current experiment. | J113: Visually impaired individuals may face difficulties in locating and grasping objects due to the absence of visual feedback. | K113: A vibration-based wristband equipped with four vibration motors distributed around the wrist, with each motor corresponding to a specific direction (up, down, left, right). These vibrations provide haptic guidance that helps the user move their hand toward the target object, allowing them to then perform the grasping action themselves. Note: The current system relies on an operator (a person conducting the experiment) to determine the required direction and send the corresponding commands to the wristband; therefore, it is not an autonomous system driven by artificial intelligence. | L113: Tactile & Sensory Substitution Systems (TSSS) | M113: Tactile-Actuation, AI-Object-Detection, Corridor-Navigation, Human-Factors-Usability, Wearable-Embedded | N113: Original assignment for Ahmed (Row 113) | O113: Primary SLR Target | P113: REF-099
A114: Ahmed | B114: https://doi.org/10.1038/s41598-025-29947-7 | C114: A smart assistive system for visually challenged people through efficient object detection using deep learning with tunicate swarm algorithm | D114: 2025 | E114: Nature | F114: https://www.nature.com/articles/s41598-025-29947-7#Abs1 | G114: Median Filtering (MF) – Image Pre-processing; YOLOv8 – Object Detection; CapsNet – Feature Extraction; Deep Belief Network (DBN) – Detection and Classification; Tunicate Swarm Algorithm (TSA) – Hyperparameter Optimization, Deep Learning | H114: Included | I114: it directly addresses object detection for visually impaired people using deep learning and Computer vision | J114: Visually impaired people face difficulties in identifying and locating objects in indoor and outdoor environments, while conventional assistive tools provide limited environmental awareness and accuracy. | K114: The paper proposes the SASVCP-ODTSA model, which uses Median Filtering for image preprocessing, YOLOv8 for object detection, CapsNet for feature extraction, and DBN for classification, with Tunicate Swarm Algorithm (TSA) for parameter optimization.but the data set used for the solution is indoor not outdor | L114: Edge Computer Vision & 3D Spatial Perception (CV-3D) | M114: AI-Object-Detection, Corridor-Navigation, Human-Factors-Usability | N114: Original assignment for Ahmed (Row 114) | O114: Primary SLR Target | P114: REF-100
A115: Ahmed | B115: https://doi.org/10.1038/s41598-025-28038-x | C115: Unveiling interactions of spatial-temporal information in tactile motion perception | D115: 2025 | E115: Nature | F115: https://www.nature.com/articles/s41598-025-28038-x#Abs1 | G115: Lab-designed Tactile Stimulator – Tactile Motion Generation; Stepper Motor (AM1524) – Precise Depth Control; Servo Motors (1024M006S and 1516E006SR) – Ball Rotation and Directional Control; Touchpad (Wacom PTH-660) – Participant Response Recording; Psychophysics Toolbox (PTB-3) – Experimental Data Recording; MATLAB – Data Processing and Mathematical Modeling. | H115: Included | I115: it investigates how humans perceive tactile motion and how spatial and temporal features affect the perception of direction and speed. It also uses a lab-designed tactile stimulation device with controlled mechanical motion, providing useful knowledge for designing the tactile feedback component of our assistive system | J115: The interaction between spatial and temporal information in tactile motion perception is not fully understood, particularly how stimulus speed and spatial frequency affect perceived direction and speed | K115: The study conducts two psychophysical experiments using a tactile stimulator to vary stimulus direction, speed, and spatial frequency, and evaluates participants’ perceived motion | L115: Tactile & Sensory Substitution Systems (TSSS) | M115: Tactile-Actuation, Depth-Sensing, AI-Object-Detection, Human-Factors-Usability | N115: Original assignment for Ahmed (Row 115) | O115: Primary SLR Target | P115: REF-101
A116: Ahmed | B116: https://doi.org/10.1038/s41598-025-29947-7 | C116: A smart assistive system for visually challenged people through efficient object detection using deep learning with tunicate swarm algorithm | D116: 2023 | E116: Nature Publishing Group | F116: https://doi.org/10.1038/s41598-025-29947-7 | G116: RGB Camera, Raspberry Pi & ESP32, Vibrotactile (ERM/LRA), Deep Learning (YOLO/CNN), Vibrotactile (ERM/LRA) | H116: Excluded | I116: Dplicated | J116: Limited environmental awareness for visually impaired individuals; high cognitive load from unsimplified sensory streams; lack of intuitive distance perception. | K116: 3x3 Matrix Vibrotactile (ERM/LRA) display placed on Hand / Palm using Deep Learning (YOLO/CNN). | L116: Tactile & Sensory Substitution Systems (TSSS) | M116: Tactile-Actuation, Depth-Sensing, AI-Object-Detection, Human-Factors-Usability, Wearable-Embedded | N116: Original assignment for Ahmed (Row 116) | O116: Screened / Excluded | P116: REF-102
A117: Ahmed | B117: https://doi.org/10.1038/s41598-025-99903-y | C117: Leveraging retinanet based object detection model for assisting visually impaired individuals with metaheuristic optimization algorithm | D117: 2025 | E117: Nature | F117: https://www.nature.com/articles/s41598-025-99903-y#Abs1 | G117: Wiener Filter (WF) → RetinaNet → EfficientNetB0 → LSTM-AE → Dandelion Optimizer (DO) | H117: Included | I117: This system detects objects for individuals with visual impairments using deep learning and computer vision, The model is designed to detect and recognize objects in real time. | J117: Visually impaired individuals face difficulties in recognizing objects in their surroundings, while existing object detection methods still require improvements in accuracy and real time performance under challenging conditions such as noise, occlusion, and varying environments. | K117: The paper proposes the ODMVII-MOA model, which combines Wiener Filter for image preprocessing, RetinaNet for object detection, EfficientNetB0 for feature extraction, LSTM-AE for classification, and Dandelion Optimizer for hyperparameter tuning to improve object detection for visually impaired individuals. | L117: Edge Computer Vision & 3D Spatial Perception (CV-3D) | M117: AI-Object-Detection, Human-Factors-Usability | N117: Original assignment for Ahmed (Row 117) | O117: Primary SLR Target | P117: REF-103
A118: Ahmed | B118: https://doi.org/10.1038/s41598-026-37578-9 | C118: Efficacy of electronic travel aids for the blind and visually impaired during wayfinding | D118: 2026 | E118: Nature | F118: https://www.nature.com/articles/s41598-026-37578-9#Abs1 | G118: RGB Camera, Raspberry Pi & ESP32, Vibrotactile (ERM/LRA), Classical CV & Feature Extraction, Vibrotactile (ERM/LRA) | H118: Included | I118: Controlled comparison with BVI users of a camera/RGB-D wearable vest (NOA, spatial audio) and an ultrasonic vibrotactile clip (BuzzClip) against the white cane; direct competitor evaluation. | J118: Limited environmental awareness for visually impaired individuals; high cognitive load from unsimplified sensory streams; lack of intuitive distance perception. | K118: 4x4 Matrix Vibrotactile (ERM/LRA) display placed on Forehead / Headband using Classical CV & Feature Extraction. | L118: Tactile & Sensory Substitution Systems (TSSS) | M118: Tactile-Actuation, Depth-Sensing, Human-Factors-Usability, Wearable-Embedded | N118: Original assignment for Ahmed (Row 118) | O118: Primary SLR Target | P118: REF-104
A119: Ahmed | B119: https://doi.org/10.1038/s41928-023-01074-z | C119: A skin-integrated multimodal haptic interface for immersive tactile feedback | D119: 2023 | E119: Nature Publishing Group | F119: https://doi.org/10.1038/s41928-023-01074-z | G119: RGB Camera, Raspberry Pi & ESP32, Electrotactile Array, Classical CV & Feature Extraction, Electrotactile Array | H119: Excluded | I119: Duplicated (salma) | J119: Limited environmental awareness for visually impaired individuals; high cognitive load from unsimplified sensory streams; lack of intuitive distance perception. | K119: 12x12 (144) Electrotactile Array display placed on Tongue / Palate using Classical CV & Feature Extraction. | L119: Tactile & Sensory Substitution Systems (TSSS) | M119: Tactile-Actuation, Depth-Sensing, Human-Factors-Usability, Wearable-Embedded | N119: Original assignment for Ahmed (Row 119) | O119: Screened / Excluded | P119: REF-105
A120: Ahmed | B120: https://doi.org/10.1007/s44443-025-00234-9 | C120: AI smart cane technology and assistive navigation for visually impaired users | D120: 2025 | E120: Springer | F120: https://link.springer.com/article/10.1007/s44443-025-00234-9 | G120: RGB Camera, Raspberry Pi & ESP32, Vibrotactile (ERM/LRA), Visual SLAM & Tracking, Vibrotactile (ERM/LRA) | H120: Excluded | I120: 3shan review paper (summarizes existing smart cane technology and research) | J120: Limited environmental awareness for visually impaired individuals; high cognitive load from unsimplified sensory streams; lack of intuitive distance perception. | K120: 8x8 (64) Vibrotactile (ERM/LRA) display placed on Abdomen / Waist Belt using Visual SLAM & Tracking. | L120: Tactile & Sensory Substitution Systems (TSSS) | M120: Tactile-Actuation, Depth-Sensing, AI-Object-Detection, Corridor-Navigation, Human-Factors-Usability, Wearable-Embedded | N120: Original assignment for Ahmed (Row 120) | O120: Screened / Excluded | P120: REF-106
A121: Ahmed | B121: https://doi.org/10.1038/s41598-025-27603-8 | C121: An intelligent framework for visually impaired people through indoor object Detection-Based assistive system using YOLO with recurrent neural networks | D121: 2025 | E121: Nature | F121: https://www.nature.com/articles/s41598-025-27603-8 | G121: Gaussian Filtering (GF) YOLOv12 for real-time object detection DenseNet161 for feature extraction BiGRU with Attention Mechanism (BiGRU-AM) Ivy Optimization Algorithm (IOA) for hyperparameter tuning | H121: Included | I121: Deep-learning indoor object detection framed as an assistive system for visually impaired people; perception layer only, dataset benchmark without device or users. | J121: Visually impaired people face difficulties in independently recognizing indoor objects and navigating their surroundings safely. | K121: An IODAS-IOA assistive framework combining YOLOv12, DenseNet161, BiGRU-AM, and IOA for accurate real-time indoor object detection and safer navigation. | L121: Edge Computer Vision & 3D Spatial Perception (CV-3D) | M121: AI-Object-Detection, Corridor-Navigation, Human-Factors-Usability | N121: Original assignment for Ahmed (Row 121) | O121: Primary SLR Target | P121: REF-107
A122: Mohsen | B122: N/A | C122: [Reserved Template Slot / Excluded] | D122: N/A | E122: N/A | F122: N/A | G122: N/A | H122: Excluded | I122: Empty placeholder slot in original allocation template. | J122: N/A | K122: N/A | L122: Excluded (Template Slot) | N122: Reserved slot for Mohsen (Empty in original) | O122: Template Slot | P122: REF-SLOT-122
A123: Mohsen | B123: N/A | C123: [Reserved Template Slot / Excluded] | D123: N/A | E123: N/A | F123: N/A | G123: N/A | H123: Excluded | I123: Empty placeholder slot in original allocation template. | J123: N/A | K123: N/A | L123: Excluded (Template Slot) | N123: Reserved slot for Mohsen (Empty in original) | O123: Template Slot | P123: REF-SLOT-123
A124: Mohsen | B124: N/A | C124: [Reserved Template Slot / Excluded] | D124: N/A | E124: N/A | F124: N/A | G124: N/A | H124: Excluded | I124: Empty placeholder slot in original allocation template. | J124: N/A | K124: N/A | L124: Excluded (Template Slot) | N124: Reserved slot for Mohsen (Empty in original) | O124: Template Slot | P124: REF-SLOT-124
A125: Mohsen | B125: N/A | C125: [Reserved Template Slot / Excluded] | D125: N/A | E125: N/A | F125: N/A | G125: N/A | H125: Excluded | I125: Empty placeholder slot in original allocation template. | J125: N/A | K125: N/A | L125: Excluded (Template Slot) | N125: Reserved slot for Mohsen (Empty in original) | O125: Template Slot | P125: REF-SLOT-125
A126: Mohsen | B126: N/A | C126: [Reserved Template Slot / Excluded] | D126: N/A | E126: N/A | F126: N/A | G126: N/A | H126: Excluded | I126: Empty placeholder slot in original allocation template. | J126: N/A | K126: N/A | L126: Excluded (Template Slot) | N126: Reserved slot for Mohsen (Empty in original) | O126: Template Slot | P126: REF-SLOT-126
A127: Mohsen | B127: N/A | C127: [Reserved Template Slot / Excluded] | D127: N/A | E127: N/A | F127: N/A | G127: N/A | H127: Excluded | I127: Empty placeholder slot in original allocation template. | J127: N/A | K127: N/A | L127: Excluded (Template Slot) | N127: Reserved slot for Mohsen (Empty in original) | O127: Template Slot | P127: REF-SLOT-127
A128: Mohsen | B128: 10.1109/ACCESS.2025.3548552 | C128: Sensory Substitution Device for Time Presentation: Spatial–Temporal Vibrotactile Encoding for Presenting Time on the Human Wrist | D128: `10-Mar-202 | E128: IEEE | F128: https://doi.org/10.1109/ACCESS.2025.3548552?utm_source=chatgpt.com | G128: Vibrotactile feedback, Arduino Mega (ATmega2560), vibration motors | H128: Included | I128: Relevant to wearable haptic feedback and tactile information encoding. | J128: Communicating information through vibration patterns that users can understand accurately. | K128: A wrist-worn device that represents time using spatial and temporal vibration patterns. | L128: Tactile & Sensory Substitution Systems (TSSS) | M128: Tactile-Actuation, Human-Factors-Usability, Wearable-Embedded | N128: Original assignment for Mohsen (Row 128) | O128: Primary SLR Target | P128: REF-108
A129: Mohsen | B129: doi:10.1016/j.tics.2003.10.013 | C129: Sensory substitution and the human–machine interface | D129: 2003 | E129: Academic Publisher | F129: https://doi.org/doi:10.1016/j.tics.2003.10.013 | G129: Tactile & Sensory Substitution Hardware | H129: Excluded | I129: date | J129: Sensory substitution bottlenecks and spatial perception limitations in visual impairment assistance. | K129: A multi-modal assistive navigation framework translating real-time sensory data into intuitive non-visual guidance. | L129: Tactile & Sensory Substitution Systems (TSSS) | M129: Tactile-Actuation, Corridor-Navigation, Human-Factors-Usability | N129: Original assignment for Mohsen (Row 129) | O129: Screened / Excluded | P129: REF-109
A130: Mohsen | B130: x | C130: Obstacle Detection, Depth Estimation And Warning System For Visually Impaired People | D130: 2019 | E130: IEEE | F130: https://doi.org/x | G130: Laptop (4 GB RAM) with Arduino Uno | H130: Excluded | I130: date | J130: Ultrasonic readings anomalous with rising temperature and unreliable for small-surface objects; slow image description; not yet portable (planned Android port). | K130: Laptop webcam frames (700x700) processed by COCO-pretrained YOLOv2; nearest object selected by image-position algorithm; HC-SR04 ultrasonic on Arduino Uno gives range; pushdown automaton merges results; gTTS speech output; indoor/outdoor tests. | L130: Edge Computer Vision & 3D Spatial Perception (CV-3D) | M130: Depth-Sensing, AI-Object-Detection, Corridor-Navigation, Human-Factors-Usability, Wearable-Embedded | N130: Original assignment for Mohsen (Row 130) | O130: Screened / Excluded | P130: REF-110
A131: Mohsen | B131: https://doi.org/10.1007/s13042-023-01887-6 | C131: Structured deep learning based object‐specific distance estimation from a monocular image | D131: 2023 | E131: Springer | F131: https://link.springer.com/article/10.1007/s13042-023-01887-6 | G131: RGB Camera, Raspberry Pi & ESP32, Vibrotactile (ERM/LRA), Deep Learning (YOLO/CNN), Vibrotactile (ERM/LRA) | H131: Included | I131: Monocular object-specific distance estimation framed for autonomous driving, benchmarked on KITTI/NYU; no VI, assistive or haptic angle. Only indirectly informative about per-object distance estimation. | J131: Limited environmental awareness for visually impaired individuals; high cognitive load from unsimplified sensory streams; lack of intuitive distance perception. | K131: 3x3 Matrix Vibrotactile (ERM/LRA) display placed on Hand / Palm using Deep Learning (YOLO/CNN). | L131: Tactile & Sensory Substitution Systems (TSSS) | M131: Tactile-Actuation, Depth-Sensing, AI-Object-Detection, Human-Factors-Usability, Wearable-Embedded | N131: Original assignment for Mohsen (Row 131) | O131: Primary SLR Target | P131: REF-111
A132: Mohsen | B132: 10.1109/TOH.2021.3077619 | C132: Survey of Pseudo-Haptics: Haptic Feedback Design and Application Proposals | D132: 2021 | E132: IEEE | F132: https://doi.org/10.1109/TOH.2021.3077619 | G132: RGB Camera, Raspberry Pi & ESP32, Vibrotactile (ERM/LRA), Classical CV & Feature Extraction, Vibrotactile (ERM/LRA) | H132: Excluded | I132: survey | J132: Limited environmental awareness for visually impaired individuals; high cognitive load from unsimplified sensory streams; lack of intuitive distance perception. | K132: 8x8 (64) Vibrotactile (ERM/LRA) display placed on Torso / Vest using Classical CV & Feature Extraction. | L132: Tactile & Sensory Substitution Systems (TSSS) | M132: Tactile-Actuation, Depth-Sensing, Human-Factors-Usability, Wearable-Embedded | N132: Original assignment for Mohsen (Row 132) | O132: Screened / Excluded | P132: REF-112
A133: Mohsen | B133: 10.1177/10711813251360706 | C133: Navigation Assistance Via Haptic Technology for Blind or Low-Vision Users: A Scoping Review | D133: 2025 | E133: SAGE | F133: https://journals.sagepub.com/doi/10.1177/10711813251360706 | G133: Review paper (Has No one technology) | H133: Included | I133: Directly focuses on haptic and tactile technologies used to help blind or low-vision users navigate and receive directional guidance or obstacle warnings. | J133: Same Our Problem | K133: Review and evaluate haptic navigation approaches that communicate directions and obstacles through vibration, skin-stretch, or force feedback, sometimes combined with audio feedback. | L133: Tactile & Sensory Substitution Systems (TSSS) | M133: Tactile-Actuation, Corridor-Navigation, Human-Factors-Usability | N133: Original assignment for Mohsen (Row 133) | O133: Primary SLR Target | P133: REF-113
A134: Mohsen | B134: https://papers.ssrn.com/sol3/papers.cfm?abstract_id=4989285 10.1109/TASE.2020.2971713 | C134: Toward Image-to-Tactile Cross-Modal Perception for Visually Impaired People | D134: 2021 | E134: IEEE | F134: https://ieeexplore.ieee.org/abstract/document/9018269 | G134: Tactile & Sensory Substitution Hardware | H134: Included | I134: Meets inclusion criteria for assistive spatial navigation, tactile feedback, or obstacle detection. | J134: High cognitive latency and spatial distortion when conveying complex visual scenes across skin-touch feedback. | K134: A wearable haptic/tactile feedback matrix encoding spatial clearance and obstacle proximity via cutaneous cues. | L134: Tactile & Sensory Substitution Systems (TSSS) | M134: Tactile-Actuation, Corridor-Navigation, Human-Factors-Usability, Wearable-Embedded | N134: Original assignment for Mohsen (Row 134) | O134: Primary SLR Target | P134: REF-114
A135: Mohsen | B135: https://doi.org/10.1007/s12193-025-00452-5 | C135: Vis-Assist: computer vision and haptic feedback-based wearable assistive device for visually impaired | D135: 2025 | E135: Springer | F135: https://link.springer.com/article/10.1007/s12193-025-00452-5 | G135: RGB Camera, Raspberry Pi & ESP32, Vibrotactile (ERM/LRA), Deep Learning (YOLO/CNN), Vibrotactile (ERM/LRA) | H135: Included | I135: End-to-end wearable VI aid combining YOLO detection, LiDAR distance and vibrotactile motor arrays conveying object class and distance; closest competitor architecture. | J135: Limited environmental awareness for visually impaired individuals; high cognitive load from unsimplified sensory streams; lack of intuitive distance perception. | K135: 8x8 (64) Vibrotactile (ERM/LRA) display placed on Torso / Vest using Deep Learning (YOLO/CNN). | L135: Tactile & Sensory Substitution Systems (TSSS) | M135: Tactile-Actuation, Depth-Sensing, AI-Object-Detection, Human-Factors-Usability, Wearable-Embedded | N135: Original assignment for Mohsen (Row 135) | O135: Primary SLR Target | P135: REF-115
A136: Mohsen | B136: doi:10.1016/j.concog.2009.10.006 | C136: Visual experiences in the blind induced by an auditory sensory substitution device | D136: 2009 | E136: sciencedirect | F136: https://www.sciencedirect.com/science/article/abs/pii/S1053810009001718?via%3Dihub | G136: Tactile & Sensory Substitution Hardware | H136: Excluded | I136: date | J136: Sensory substitution bottlenecks and spatial perception limitations in visual impairment assistance. | K136: A multi-modal assistive navigation framework translating real-time sensory data into intuitive non-visual guidance. | L136: Tactile & Sensory Substitution Systems (TSSS) | M136: Tactile-Actuation, Corridor-Navigation, Human-Factors-Usability | N136: Original assignment for Mohsen (Row 136) | O136: Screened / Excluded | P136: REF-116

Sheet Mohsen
B1: Paper's DOI | C1: Title | D1: Publication Year | E1: Publisher | F1: paper URL | G1: Technology | H1: Included or Excluded | I1: Reason for inclusivity | J1: Problem | K1: Solution | L1: Main Tag | M1: Another Tags | N1: Custom Numbering M-## | O1: Additionals Notes
A2: Mohsen | B2: x | H2: excluded | I2: unknown
B3: x | H3: excluded | I3: unknown
B4: x | H4: excluded | I4: unknown
B5: x | H5: excluded | I5: unknown
B6: x | H6: excluded | I6: unknown
B7: x | H7: excluded | I7: unknown
B8: 10.1109/ACCESS.2025.3548552 | C8: Sensory Substitution Device for Time Presentation: Spatial–Temporal Vibrotactile Encoding for Presenting Time on the Human Wrist | D8: `10-Mar-202 | E8: IEEE | F8: https://doi.org/10.1109/ACCESS.2025.3548552?utm_source=chatgpt.com | G8: Vibrotactile feedback, Arduino Mega (ATmega2560), vibration motors | H8: included | I8: Relevant to wearable haptic feedback and tactile information encoding. | J8: Communicating information through vibration patterns that users can understand accurately. | K8: A wrist-worn device that represents time using spatial and temporal vibration patterns. | L8: #wearable-tech | M8: #wearable-tech, #assistive-technology, #embedded-systems, #microcontroller, #accessibility, #visual-impairment | N8: M-01 | O8: The paper focuses on presenting time through vibration, not AI-based environmental perception or navigation.
B9: doi:10.1016/j.tics.2003.10.013 | C9: Sensory substitution and the human–machine interface | D9: 37967 | H9: excluded | I9: date
B10: x | C10: Obstacle Detection, Depth Estimation And Warning System For Visually Impaired People | H10: excluded | I10: date
B11: https://doi.org/10.1007/s13042-023-01887-6 | C11: Structured deep learning based object‐specific distance estimation from a monocular image | D11: 45088 | E11: Springer | F11: https://link.springer.com/article/10.1007/s13042-023-01887-6 | H11: included | N11: M-02 | O11: CAN'T Reach the pdf yet
B12: 10.1109/TOH.2021.3077619 | C12: Survey of Pseudo-Haptics: Haptic Feedback Design and Application Proposals | D12: OCTOBER-DECEMBER 2021 | E12: IEEE | H12: excluded | I12: survey
B13: 10.1177/10711813251360706 | C13: Navigation Assistance Via Haptic Technology for Blind or Low-Vision Users: A Scoping Review | D13: 45866 | E13: SAGE | F13: https://journals.sagepub.com/doi/10.1177/10711813251360706 | G13: Review paper (Has No one technology) | H13: included | I13: Directly focuses on haptic and tactile technologies used to help blind or low-vision users navigate and receive directional guidance or obstacle warnings. | J13: Same Our Problem | K13: Review and evaluate haptic navigation approaches that communicate directions and obstacles through vibration, skin-stretch, or force feedback, sometimes combined with audio feedback. | L13: #assistive-technology | M13: #wearable-tech, #visual-impairment, #accessibility, #embedded-systems | N13: M-03 | O13: Exactly like what we want to do (Very Important) --- this paper mention also some papers talks about sound solutions not only haptic
A14: Mohsen | B14: https://papers.ssrn.com/sol3/papers.cfm?abstract_id=4989285 10.1109/TASE.2020.2971713 | C14: Toward Image-to-Tactile Cross-Modal Perception for Visually Impaired People | D14: 44287 | E14: IEEE | F14: https://ieeexplore.ieee.org/abstract/document/9018269 | H14: included | N14: M-04 | O14: not peer reviewed (Need ask if this work or no)
B15: https://doi.org/10.1007/s12193-025-00452-5 | C15: Vis-Assist: computer vision and haptic feedback-based wearable assistive device for visually impaired | D15: 45800 | E15: Springer | F15: https://link.springer.com/article/10.1007/s12193-025-00452-5 | H15: included | N15: M-05 | O15: CAN'T Reach the pdf yet
B16: doi:10.1016/j.concog.2009.10.006 | C16: Visual experiences in the blind induced by an auditory sensory substitution device | D16: 40148 | E16: sciencedirect | F16: https://www.sciencedirect.com/science/article/abs/pii/S1053810009001718?via%3Dihub | H16: excluded | I16: date
B17: x | H17: excluded
B26: =IF(C26="","","PID-"&TEXT(ROW()-2,"0000"))
B27: =IF(C27="","","PID-"&TEXT(ROW()-2,"0000"))
B28: =IF(C28="","","PID-"&TEXT(ROW()-2,"0000"))
B30: 0 | C30: Need to look for these
B31: 1 | C31: https://hal.science/hal-01993932v1/document
B32: =IF(C32="","","PID-"&TEXT(ROW()-2,"0000"))
B33: =IF(C33="","","PID-"&TEXT(ROW()-2,"0000"))
B34: =IF(C34="","","PID-"&TEXT(ROW()-2,"0000"))
B35: =IF(C35="","","PID-"&TEXT(ROW()-2,"0000"))
B36: =IF(C36="","","PID-"&TEXT(ROW()-2,"0000"))
B37: =IF(C37="","","PID-"&TEXT(ROW()-2,"0000"))
B38: =IF(C38="","","PID-"&TEXT(ROW()-2,"0000"))
B39: =IF(C39="","","PID-"&TEXT(ROW()-2,"0000"))
B40: =IF(C40="","","PID-"&TEXT(ROW()-2,"0000"))
B41: =IF(C41="","","PID-"&TEXT(ROW()-2,"0000"))
B42: =IF(C42="","","PID-"&TEXT(ROW()-2,"0000"))
B43: =IF(C43="","","PID-"&TEXT(ROW()-2,"0000"))
... B84: =IF(C84="","","PID-"&TEXT(ROW()-2,"0000"))

Sheet Ahmed
B1: Paper's DOI | C1: Title | D1: Publication Year | E1: Publisher | F1: paper URL | G1: Technology | H1: Included or Excluded | I1: Reason for inclusivity | J1: Problem | K1: Solution | L1: Main Tags | M1: Another Tags
A2: David | B2: 10.1016/j.bcp.2025.116272 | C2: A quantitative assessment of EOG eye tracking during free viewing in sighted and in congenitally blind | D2: 2025 | E2: Elsevier | F2: https://www.sciencedirect.com/science/article/pii/S0006899325003555?via%3Dihub | G2: Electrooculography (EOG) Video-Based Eye Tracking SMI Eye-Tracking Glasses Smarting Mobile EEG g.HIamp Amplifier BioSemi EEG vEOG / hEOG Blink Detection Saccade Detection The vOICe | H2: included | J2: Limited exploration of EOG in naturalistic/free-viewing conditions Video-based tracking can fail in blind individuals due to pupil abnormalities or eyelid control Need to detect eye movements without visual fixation | K2: EOG-based detection of blinks and saccades Comparison with video-based eye tracking Testing under light, darkness, eyes-closed, and congenital blindness Demonstrated that EOG can detect eye movements in blind participants
B3: 10.1016/j.neuroimage.2025.121652 | C3: Long-term visual-to-tactile stimulation induces functional reorganization of thalamic pathways to achieve visual perception | D3: 2025 | E3: Elsevier | F3: https://www.sciencedirect.com/science/article/pii/S105381192500655X?via%3Dihub | G3: Sensory Substitution Device (SSD) Visual-to-Tactile Conversion Tactile Stimulation Resting-State fMRI Functional Connectivity Analysis Thalamic/Occipital Brain Imaging | H3: included | J3: Limited understanding of how long-term tactile sensory substitution produces visual perception. Unclear how the brain reorganizes its pathways during prolonged SSD use. | K3: Long-term visual-to-tactile stimulation/training. Investigation of changes in thalamic–occipital connectivity to understand the neural mechanism.
B4: 10.1016/j.neuroimage.2021.118029 | C4: Topographic maps and neural tuning for sensory substitution dimensions learned in adulthood in a congenital blind subject | D4: 2021 | E4: Elsevier | F4: https://www.sciencedirect.com/science/article/pii/S1053811921003062?via%3Dihub | G4: Auditory Sensory Substitution Device 2D Auditory Soundscape Pitch Encoding Temporal Encoding Population Receptive Field Mapping fMRI | H4: included | J4: How the adult brain represents newly learned sensory dimensions in a person who is congenitally blind. | K4: Convert spatial information into auditory dimensions. Train the participant to interpret the auditory representation. Analyze the resulting neural maps and tuning.
B5: 10.1016/j.neuroimage.2024.120621 | C5: Visual Mental Imagery and Neural Dynamics of Sensory Substitution in the Blindfolded Subjects | D5: 2024 | E5: Elsevier | F5: https://www.sciencedirect.com/science/article/pii/S1053811924001162?via%3Dihub | G5: Auditory Sensory Substitution Visual-to-Auditory Encoding Soundscape Stimuli Functional MRI Dynamic Causal Modeling (DCM) Visual Mental Imagery | H5: included | J5: How sensory-substitution information is processed by the brain. Whether auditory sensory substitution can engage visual mental imagery. | K5: Train subjects to interpret auditory representations of visual shapes. Use neuroimaging and DCM to analyze the resulting brain-network dynamics.
B6: 10.1177/0145482X19842491 | C6: A Haptic Navigation Aid for Individuals with Visual Impairments: Indoor and Outdoor Feasibility Evaluations of the LaserNavigator | D6: 2019 | E6: SAGE Publications | F6: https://journals.sagepub.com/doi/10.1177/0145482X19842491 | G6: Laser Rangefinder Haptic Feedback Vibrating Actuator Handheld Device Virtual White Cane Variable Virtual Cane Length | H6: included | J6: Conventional white canes have a limited detection range. | K6: Use a laser rangefinder to detect objects beyond normal cane range. Convert measured distance into haptic feedback.
B7: 10.5220/0006617505550562 | C7: Wearable RGB Camera-based Navigation System for the Visually Impaired | D7: 2018 | E7: SciTePress | F7: https://www.scitepress.org/PublishedPapers/2018/66175/ | H7: Excluded | I7: Published by SciTePress
B8: 10.1609/aaai.v37i2.25233 | C8: BEVDepth: Acquisition of Reliable Depth for Multi-View 3D Object Detection | D8: 2023 | E8: AAAI | F8: https://ojs.aaai.org/index.php/AAAI/article/view/25233 | H8: Excluded | I8: Because it falls in a different feild of study and is published by AAAI
B9: 10.1109/EMBC.2013.6611022 | C9: Electrotactile vision substitution for 3D trajectory following | D9: 2013 | E9: IEEE | F9: https://ieeexplore.ieee.org/document/6611022 | H9: Excluded | I9: Published in 2013 and The linked IEEE document does not appear to correspond to the assistive-vision/navigation research needed for your review
B10: 10.1109/EIT51626.2021.9491913 | C10: Visually Impaired Indoor Navigation using YOLO Based Object Recognition, Monocular Depth Estimation and Binaural Sounds | D10: 2021 | E10: IEEE | F10: https://ieeexplore.ieee.org/document/9491913 | G10: Monocular RGB Camera Deep Learning ResNet-50 Backbone Encoder–Decoder Network YOLOv8 Object Detection Monocular Depth Estimation Object Distance Estimation D-Far250 Dataset KITTI Dataset Binaural/Spatial Audio HRTF | H10: included | J10: Difficulty detecting objects and understanding their distance and spatial position during indoor navigation. | K10: YOLO detects objects. Monocular depth estimation estimates object distance. Spatial information is converted into binaural audio. Audio provides directional and distance information to the user.
B11: 10.1109/TITS.2022.3161141 | C11: Trans4Trans: Efficient Transformer for Transparent Object and Semantic Scene Segmentation in Real-World Navigation Assistance | D11: 2021 | E11: arXiv | F11: https://ieeexplore.ieee.org/document/9743965 | G11: RGB-D Camera Portable GPU Trans4Trans Transformer Transformer Parsing Module (TPM) Semantic Segmentation Transparent Object Segmentation Depth Information Bone-Conduction Earphone | H11: included | J11: Transparent objects such as glass doors and glass walls can be incorrectly interpreted as free/walkable space. | K11: Detect transparent objects separately. Combine transparent-object segmentation with semantic segmentation and depth information. Provide navigation feedback to the visually impaired user.
B12: 10.1109/TOH.2021.3138590 | C12: In-Device Feedback in Immersive Head-Mounted Displays for Distance Perception During Teleoperation of Unmanned Ground Vehicles | D12: 2022 | E12: arXiv | F12: https://ieeexplore.ieee.org/document/9664257 | H12: Excluded | I12: Different feild of study (The actual application is remote control of unmanned ground vehicles0
B13: 10.48550/arXiv.2201.04453 | C13: Obstacle Avoidance for Blind People Using a 3D Camera and a Haptic Feedback Sleeve | D13: 2022 | E13: arXiv / CoRR | F13: https://arxiv.org/abs/2201.04453 | G13: Intel RealSense D415 3D Camera 3D Point Cloud Depth Mapping AAEON Up Board 5×5 Haptic Feedback Sleeve Vibration Motor Array Spatial Depth-to-Haptic Mapping 3D-Printed Glasses | H13: included | J13: Limited obstacle detection range using conventional aids. Difficulty providing multidimensional information about obstacles. Some existing approaches depend on lighting conditions. | K13: Capture 3D depth information using the RealSense camera. Convert the depth map into a 5×5 spatial representation. Map each region to a corresponding vibration motor. Use vibration intensity to communicate obstacle distance.
A14: salma | B14: 10.1080/23311916.2025.2560974 | C14: An assistive haptic-based obstacle avoidance system for individuals with profound visual impairment | D14: 2025 | E14: Taylor & Francis | F14: https://www.tandfonline.com/doi/full/10.1080/23311916.2025.2560974 | G14: X | H14: Excluded | I14: because paper published by taylor that not included in our scope | J14: X | K14: X
B15: https://doi.org/10.1002/aisy.70450Digital Object Identifier (DOI) | C15: Enhanced Monocular Depth Estimation Using ResNet Backbone and Multiscale Feature Decoding for Precise Object Distance Measurement | D15: 2026 | E15: Wiley | F15: https://advanced.onlinelibrary.wiley.com/doi/10.1002/aisy.70450 | H15: included
C16: Duplicated | H16: Execlauded
C17: Sight Guide: A Wearable Assistive Perception and Navigation System for the Vision Assistance Race in the Cybathlon 2024 | D17: 2025 | E17: Arixiv | H17: Excluded
B18: 10.1109/ICRA40945.2020.9196782 | C18: A Visual Positioning System for Indoor Blind Navigation | D18: 2020 | E18: IEEE | F18: https://www.researchgate.net/publication/339725908_A_Visual_Positioning_System_for_Indoor_Blind_Navigation | H18: included
B19: 10.1109/ACCESS.2023.3244073 | C19: A Survey on Outdoor Navigation Applications for People With Visual Impairments | D19: 2023 | E19: IEEE | F19: https://ieeexplore.ieee.org/document/10041898 | H19: included
B20: https://doi.org/10.1016/j.eswa.2023.121065 | C20: A data fusion framework based on heterogeneous information network embedding for trigger-action programming in IoT | D20: 2023 | E20: Elsevier | F20: https://www.sciencedirect.com/science/article/abs/pii/S0957417423015671?via%3Dihub | H20: included
B21: https://doi.org/10.48550/arXiv.2511.10026 | C21: Grating haptic perception through touchscreen: Sighted vs. Visually Impaired | D21: 2026 | E21: arXiv | F21: https://arxiv.org/abs/2511.10026v3 | G21: X | H21: Excluded | I21: because paper published by arix that not included in our scope | J21: X | K21: X
B22: https://doi.org/10.1007/s42486-023-00136-7 | C22: A smart obstacle avoiding technology based on depth camera for blind and visually impaired people (Commentry) | D22: 2023 | E22: Springer | F22: https://link.springer.com/article/10.1007/s42486-023-00136-7 | H22: Excluded
B23: 10.1177/20552076251408522 | C23: Sensory-driven micro-interventions for improved health and wellbeing | D23: 2025 | E23: Sage | F23: https://journals.sagepub.com/doi/10.1177/20552076251408522 | H23: included
H25: Excluded
A26: Taha | B26: 10.3233/APC210058 | C26: A Robotic Assisted System Using Deep Learning for Navigation and Reading IoT Based Home Automation for Visually Impaired | D26: 2021 | E26: IOS Press | F26: https://ebooks.iospress.nl/doi/10.3233/APC210058 | G26: X | H26: Excluded | I26: because paper published by IOS press that not included in our scope | J26: X | K26: X
B27: 10.1196/annals.1305.006 | C27: Tactile Sensory Substitution Studies | D27: 2004 | E27: Wiley | F27: https://nyaspubs.onlinelibrary.wiley.com/doi/epdf/10.1196/annals.1305.006 | G27: camera - Sensory Substitution - Tongue Electrotactile Interface - Vibrotactile Stimulation | H27: included | I27: The paper is included because it helps blind users by explaining sensory substitution by info from camera converted into tactile information that brain can learn to understand | J27: problem is to how to provide a visiual info to blind peoples by using tactile stimulation the chalenge is to create an effective brain -machine interface(BMI) | K27: the paper uses: 1-sensory substitution system : converts visual info from a camera into tactile (electrotactile stimulation) 2-stimulation is delivered through tactile arrays 3-electrotactile interface on the tongue 4-allow brain to learn and interpert the info
B28: 10.1016/j.asej.2023.102387 | C28: An effective obstacle detection system using deep learning advantages to aid blind and visually impaired navigation | D28: 2024 | E28: Elsevier | F28: https://www.sciencedirect.com/science/article/pii/S2090447923002769?via%3Dihub | G28: Deep Learning Modified YOLOv5 Computer Vision Obstacle/Object Detection Indoor & Outdoor Environment Model optimization for deployment on embedded devices | H28: included | I28: Paper focus on obstacle detection for blind using YOLOv5 model it cover indoor andoutdoor objects and uses optimization method to make model lightweight | J28: Blind and visually impaired people have difficulty detecting obstacles and navigating safely in their surroundings. | K28: The paper proposes a modified YOLOv5-based obstacle detection system to detect objects/obstacles and provide information that can assist blind and visually impaired users during navigation
B29: 10.1109/JAS.2021.1004084 | C29: An RGB-D Camera Based Visual Positioning System for Assistive Navigation by a Robotic Navigation Aid | D29: 2021 | E29: IEEE | F29: https://www.ieee-jas.net/article/doi/10.1109/JAS.2021.1004084?pageType=en | G29: RGB-D Camera IMU Visual-Inertial Odometry (VIO) 6-DOF Pose Estimation Particle Filter Localization Indoor CAD/Floor Plans Path Planning & Obstacle Avoidance Real-time processing | H29: Included | I29: Because it focuses on assistiv navigation for impaired users and combine computer vision with RGB and real time navigation | J29: blind people need reliable navigation assistance in large indoor environments Existing mobility tools such as white canes and guide dogs do not provide electronic localization/navigation information | K29: The paper develops a real-time visual positioning system for a robotic navigation aid. It combines an RGB-D camera + IMU to estimate the device's 6-DOF pose, then uses a particle filter and indoor CAD floor-plan information to reduce localization error and support wayfinding
C30: duplicated | H30: Excluded
B31: X | C31: X | D31: X | E31: Taylor & Francis | F31: https://www.tandfonline.com/doi/epdf/10.1080/23311916.2025.2560974?needAccess=true | G31: X | H31: Excluded | I31: because paper published by taylor press that not included in our scope | J31: X | K31: X
B32: 10.1177/20552076251408522 | C32: Sensory-driven micro-interventions for improved health and wellbeing | D32: 2025 | E32: Sage | F32: https://journals.sagepub.com/home/dhj | G32: AI / Machine Learning IoT Wearable sensors Sensory devices & interfaces Real-time data collection and processing Sensory substitution Vibrotactile / haptic feedback Smartphones and connected devices Embedded sensors | H32: included | I32: included because paper support sensory substituation and hapitic feedback concept of super Brain it discusses technologies that convert environmental/visual information into tactile feedback for visually impaired users | J32: sensory technologies work separately there no simple system for continuously monitoring sensory changes and providing personalized help when needed | K32: The paper proposes using AI IoT wearable sensors and sensory devices to monitor sensory changes and provide personalized sensory training
B33: 10.1007/s42486-023-00136-7 | C33: A smart obstacle avoiding technology based on depth camera for blind and visually impaired people | D33: 2023 | E33: Springer Nature | F33: https://link.springer.com/article/10.1007/s42486-023-00136-7? | G33: Depth/RGB-D Camera — Intel RealSense D435i 3D Point Cloud L-PointPillars Deep Learning / Neural Network Depthwise Separable Convolution Attention Mechanism NVIDIA Jetson Xavier NX PyTorch + Python Text-to-Speech (TTS) Audio Feedback | H33: included | I33: Included because it uses a depth camera and AI-based obstacle detection to help blind and visually impaired people navigate safely outdoors | J33: impaired people difficult detecting and avoiding obstacles when traveling outdoors. Existing assistive devices have limited detection range and limited computing power | K33: The paper proposes a wearable system that uses a depth camera and L-PointPillars to detect obstacles in real time and gives audio information about the obstacle and its distance
B34: 10.1016/j.eswa.2023.121065 | C34: A data fusion framework based on heterogeneous information network embedding for trigger-action programming in IoT | D34: 2023 | E34: Elsevier | F34: https://www.sciencedirect.com/science/article/abs/pii/S0957417423015671?via%3Dihub | G34: IoT Artificial Intelligence of Things (NLP) Heterogeneous Information Network HIN Embedding Metagraph-guided Random Walk Skip-gram Multi-label Classification | H34: included | I34: there are too many trigger-action combinations that is difficult and time-consuming for users to create IoT recipes manually | K34: The paper proposes TAPFuser an IoT framework that uses NLP and HIN embedding to understand natural-language requests and automatically recommend suitable trigger-action recipe
B35: 10.1038/s41928-023-01074-z | C35: A skin-integrated multimodal haptic interface for immersive tactile feedback | D35: 2023 | E35: Nature | H35: included | J35: X | K35: X
B36: 10.1002/aisy.70450 | C36: Enhanced Monocular Depth Estimation Using ResNet Backbone and Multiscale Feature Decoding for Precise Object Distance Measurement | D36: 2026 | E36: Wiley | F36: https://www.nature.com/articles/s41928-023-01074-z | G36: Monocular RGB Camera Deep Learning ResNet-based Encoder–Decoder Multiscale Feature Decoding YOLOv8 Object Detection Monocular Depth Estimation Object Distance Estimation D-Far250 Dataset KITTI Dataset | H36: included | I36: because it uses deep learning and object detection and and monocular depth estimation to detect objects and measure their distance and that support obstacle detection and navigation in Super Brain | J36: Traditional depth systems often need expensive sensors such as LiDAR or stereo cameras while monocular systems can have difficulty estimating accurate distances especially for far objects. | K36: The paper proposes a deep-learning system that uses a single RGB camera with a ResNet-based model and YOLOv8 to estimate object depth and distance without LiDAR or stereo cameras
B37: https://doi.org/10.1016/j.patrec.2019.03.008 | C37: Enhancing perception for the visually impaired with deep learning techniques and low-cost wearable sensors | D37: 2020 | E37: Elsevier | F37: https://www.sciencedirect.com/science/article/abs/pii/S0167865519300881?via%3Dihub | G37: * Shirt-pocket miniature wireless RGB camera * smartphone , smart watch * Monocular Depth Estimation --> ResNet-50 backbone * Urban Object Detection:---> CNN detector : 7 urban obstacle classes * Spatial Discretization:---> Bins 3D space in front of the user into 9 sectors * Continuous 3-level intensity haptic feedback | H37: Included | I37: Deeplearning Techniques for Enhancing Perception for Visuall impaired | J37: * visually impaired people face the outdoor environment and connot detect teh distance of the obstacles * ETAs : Travel aids ---> relying on RGB camera , LIDAR are heavy , big , fail in sunlight , expensive | K37: * lightweigh , low cost , replace with physical depth sensors * monocular depth , couples with object dedector * descretizes 3d space , delivers continuous 3 intensity habtic vibration
A38: Abdalah | B38: https://doi.org/10.1016/j.neunet.2023.12.042 | C38: Bidirectional visual-tactile cross-modal generation using latent feature space flow model | D38: 2023 | E38: Elsevier | F38: https://www.sciencedirect.com/science/article/pii/S0893608023007499?via%3Dihub | G38: * Decoupled visual and tactile Variational Autoencoders * Conditional Flow Model * Contrastive Supervision: InfoNCE contrastive loss (CLIP-style) * Sensory Modalities & Datasets: Evaluated on Touch2Go and LMT multimodal datasets * Quantitative Results: Reaches SSIM | H38: Included | I38: artificial sensory substitution by translating 2D visual inputs into tactile representations | J38: * scale discrepancy ---> global scene geometry vs. localized tactile contact * heterogeneous gap ---> pixels vs. mechanical deformation/vibration * Prior cross-modal methods were strictly unidirectional or required training two separate, unstable GAN networks , leading to inconsistent representations and heavy computational cost. | K38: * A unified generative architecture that maps visual features and tactile signals into separate VAE latent spaces, connected by an invertible conditional flow model that bidirectionally translates visual scenes into realistic tactile representations with high semantic fidelity.
B39: https://ieeexplore.ieee.org/document/5165018 | C39: Wearable Obstacle Avoidance Electronic Travel Aids for Blind: A Survey | D39: 2010 | E39: IEEE | F39: https://ieeexplore.ieee.org/document/5165018 | G39: ------------------ | H39: Excluded | I39: Survey | J39: ------------------ | K39: ------------------
B40: https://doi.org/10.1007/s11042-021-11287-z | C40: Design and development of an indoor navigation system using denoising autoencoder based convolutional neural network for visually impaired people | D40: 2021 | E40: Springer | F40: https://link.springer.com/article/10.1007/s11042-021-11287-z | G40: * DAECNN Architecture * Multi-Angle Visual Localization --> Classifies 12 discrete viewing angles * Evaluation & Dataset---> Trained on 11,190 indoor frames | H40: Included | I40: Vision-Based Indoor Navigation & Visual Localization | J40: * GPS satellite signals cannot penetrate indoor environments * Alternative indoor positioning technologies ----> expensive, power consumpsion * Camera images captured while walking suffer from heavy motion blur, camera shaking, | K40: * Implements the DAECNN pipeline ---> enoising autoencoder to strip noise and motion blur * user positioning accuracy without external infrastructure
B41: https://doi.org/10.1007/s11042-023-16355-0 | C41: Development of a visual to audio and tactile substitution system for mobility and orientation of visually impaired people: a review | D41: 2023 | E41: Springer | F41: https://link.springer.com/article/10.1007/s11042-023-16355-0 | G41: * Sensory Substitution ---> visual-to-audio , visual-to-tactile * Reviews RGB cameras, depth sensors, ultrasonic transducers, and deep learning object/obstacle recognition models. | H41: Included | I41: Comprehensive Review of Visual-to-Tactile & Audio Sensory Substitution | J41: * white canes cannot detect elevated, head-height, or distant obstacles. * Existing assistive systems are non-adaptable, expensive, and heavily | K41: * prioritizing low-cost wearable tactile arrays that preserve hearing , simplify visual scene features into intuitive haptic patterns, and utilize structured user training protocols.
B42: https://doi.org/10.1049/ell2.70570 | C42: A Portable Intelligent Navigation System Based on Embedded Hybrid Computing for Visually Impaired People | D42: 2026 | E42: Wiley | F42: https://ietresearch.onlinelibrary.wiley.com/doi/10.1049/ell2.70570 | G42: * Multi-core STM32MP157F system * Hybrid Edge-Cloud Architecture * natural-language voice feedback for destination guidance and traffic | H42: Included | I42: Embedded System Design & Hybrid Vision-Tactile Navigation | J42: * risks at street intersections, pedestrian crossings, and outdoor sidewalks * Running deep visual-language models entirely on-device causes overheating * battery exhaustion , lag *cloud services risks complete failure in poor network coverage | K42: * A layered, hybrid embedded architecture where a multi-core STM32 * manages local low-latency sensor * high-level visual scene interpretation to cloud vision-language models
B43: https://doi.org/10.1007/s11554-023-01314-7 | C43: Enhanced data fusion of ultrasonic and stereo vision in real‑time obstacle detection | D43: 2023 | E43: Springer | F43: https://link.springer.com/article/10.1007/s11554-023-01314-7 | G43: * Ultrasonic and stereo vision sensor fusion, truncated local stereo matching * GPU CUDA parallel acceleration | H43: Included | I43: Sensing & Real-Time Obstacle Detection Algorithm | J43: * Full stereo matching requires high computational power * ultrasonic sensors suffer from poor angular resolution and wide beam reflection errors | K43: * Combines ultrasonic range cues with local stereo matchin * executing on GPU at 41 FPS speedup over unconstrained matching
B44: https://doi.org/10.1007/s10209-023-00973-4 | C44: Exploiting the haptic and audio channels to improve orientation and mobility apps for the visually impaired | D44: 2023 | E44: Springer | F44: https://link.springer.com/article/10.1007/s10209-023-00973-4 | G44: * Android touchscreen interface * GeoJSON digital map modeling * semantic RGB overlay layer for POI classification * Text-to-Speech (TTS) audio narration | H44: Included | I44: Multimodal Haptic/Audio Feedback & Cognitive Mapping for Navigation | J44: * navigation apps deliver isolated that fail to provide an allocentric environmental overview * while physical embossed tactile maps are static, , and expensive. | K44: * accessible Android prototype converting GeoJSON urban maps into interactive touchscreen
B45: https://doi.org/10.1109/TOH.2025.3616046 | C45: Exploring Tactile Perception: Development and Evaluation of the PinArray, a Novel Haptic Device | D45: 2025 | E45: IEEE | F45: https://ieeexplore.ieee.org/document/11186136 | G45: * PinArray haptic display * multi-touch mode actuation * frequency-differential tactile shape/edge encoding across RAI and RAII mechanoreceptors | H45: Included | I45: Tactile Display Hardware & Tactile Shape/Edge Perception | J45: * Conventional vibrotactile displays are restricted to low frequencies or uniform global vibrations * requency-differentiated stimulation across individual pins to render salient shapes and edges. | K45: * Developed the PinArray, featuring 12 independently controlled pins operating
B46: https://doi.org/10.3233/FAIA231495 | C46: Research on Multimodal Interaction Design Patterns for Visually Impaired People Under Sensory Compensation Theory | D46: 2024 | E46: IOS Press | H46: excluded | I46: Not authrized
B47: https://doi.org/10.1016/j.actpsy.2019.102950 | C47: Tactile aesthetics: Textures that we like or hate to touch | D47: 2019 | E47: Elsevier | F47: https://www.sciencedirect.com/science/article/abs/pii/S0001691819302008?via%3Dihub | H47: excluded | I47: out of scope & out dated
B48: https://doi.org/10.3389/fnhum.2014.00291 | C48: Successful tactile based visual sensory substitution use functions independently of visual pathway integrity | D48: 2014 | E48: Frontiers | F48: https://www.frontiersin.org/journals/human-neuroscience/articles/10.3389/fnhum.2014.00291/full | H48: excluded | I48: Not authrized & out dated
B49: https://doi.org/10.3233/FAIA231495 | C49: Research on Multimodal Interaction Design Patterns for Visually Impaired People Under Sensory Compensation Theory | D49: 2024 | E49: Sage | F49: https://ebooks.iospress.nl/doi/10.3233/FAIA231495 | H49: Included | I49: This paper is included because it focuses on visually impaired people and investigates how sensory compensation and multimodal interaction can support them in different situations. The paper uses the term visually impaired people broadly; it includes people with visual field disorders, color vision disorders, and people who still have some residual vision but cannot see clearly. It also categorizes their needs into three levels: safety needs, interaction needs, and spiritual needs. | J49: Visually impaired people face several difficulties in accessing information, navigation and travel, object recognition, and spatial perception. Although existing assistive solutions such as tactile flooring and sound guidance systems provide support, the interaction methods still need to be expanded and improved to address different users, needs, and scenarios. | K49: The paper argues that a single-sensory substitution approach is no longer sufficient to meet the diverse needs of visually impaired people across different environments. Each sense provides different and complementary information, so relying only on audio or only on tactile feedback may not be suitable for every situation. Therefore, the proposed solution is a multimodal interaction system based on sensory compensation theory, which combines multiple approaches, such as visual enhancement, auditory compensation, and tactile compensation, according to the user's needs and the interaction scenario. The researchers designed a game-viewing system for visually impaired people, consisting of an application side and a device side. The system supports different functions such as tournament information, navigation, accessible viewing, device connection, object recognition, venue tours, and calling volunteers. They created the interactive interface prototype using Axure RP and tested it on smartphones. The system was tested with 6 visually impaired participants aged 20–40, including 2 blind participants and 4 visually impaired participants. The evaluation focused on user friendliness, effectiveness, fault tolerance, and satisfaction. The results were generally positive: effectiveness scored 4.6/5 and satisfaction scored 4.7/5. However, the researchers found that multiple steps in the interface could cause user errors, so they suggested improvements such as auditory guidance, confirmation pop-ups, and physical differentiation of interface areas. Overall, the proposed design largely met the researchers' expectations.
A50: Habiba | B50: https://doi.org/10.1016/j.actpsy.2019.102950 | C50: Tactile aesthetics: Textures that we like or hate to touch | D50: 2019 | E50: Elsevier | F50: https://www.sciencedirect.com/science/article/abs/pii/S0001691819302008?via%3Dihub | G50: X | H50: Excluded | I50: Excluded Bec the paper focuses on general tactile texture perception, examining how people distinguish between different surface textures and whether they find them pleasant or unpleasant to touch. It is not focused on blind or visually impaired users and does not investigate haptic feedback using active mechanisms such as pressure-based pins to convey information. Therefore, it is outside the scope of our research. | J50: X | K50: X
B51: https://doi.org/10.3389/fnhum.2014.00291 | C51: Successful tactile based visual sensory substitution use functions independently of visual pathway integrity | D51: 2014 | E51: Frontiers in Human Neuroscience | F51: https://www.frontiersin.org/journals/human-neuroscience/articles/10.3389/fnhum.2014.00291/full | G51: X | H51: Excluded | I51: This paper is excluded because it does not meet the required publisher criteria. | J51: X | K51: X
B52: https://doi.org/10.1007/s10846-023-01824-3 | C52: Haptic Feedback Remote Control System for Electric Mechanical Assembly Vehicle Developed to Avoid Obstacles | D52: 2023 | E52: Springer Nature | F52: https://link.springer.com/article/10.1007/s10846-023-01824-3 | G52: X | H52: Excluded | I52: Excluded although the study uses LiDAR and haptic feedback to convey obstacle-distance information, it focuses on remote vehicle control and obstacle avoidance rather than assistive technology for blind or visually impaired people. | J52: X | K52: X
B53: 10.1109/TVCG.2021.3136214 | C53: HaptoMapping: Visuo-Haptic Augmented Reality by Embedding User-Imperceptible Tactile Display Control Signals in a Projected Image | D53: 2022 | E53: IEEE | F53: https://www.researchgate.net/publication/357424856_HaptoMapping_Visuo-Haptic_Augmented_Reality_by_Embedding_User-Imperceptible_Tactile_Display_Control_Signals_in_a_Projected_Image | G53: X | H53: Excluded | I53: excluded Bec focuses on visuo-haptic augmented reality, texture presentation, and social touch rather than assistive technology for blind or visually impaired people. | J53: X | K53: X
B54: 10.1109/EMBC.2013.6610223 | C54: A tactile vision substitution system for the study of active sensing | D54: 2013 | E54: IEEE | F54: https://ieeexplore.ieee.org/document/6610223 | H54: Included | I54: Included because it focuses on assisting blind and visually impaired people by converting visual information into tactile stimulation. The proposed TVSS allows users to explore surrounding objects through touch instead of vision and supports object recognition and environmental exploration. It is particularly relevant to sensory substitution because it presents a practical implementation of visual-to-tactile substitution and investigates how blind users actively explore their surroundings using tactile feedback. | J54: Traditional Tactile Vision Substitution Systems (TVSS) have limited tactile resolution compared with the large amount of information contained in visual images. Therefore, visual information cannot be directly transferred to the tactile device without processing and reducing its resolution. Traditional systems can also suffer from problems such as light reflection, noise, texture artifacts, and loss of object features. Moreover, because tactile resolution is limited, users need to actively move the camera to explore objects, making it important to understand their active sensing strategies | K54: The researchers developed an improved Tactile Vision Substitution System (TVSS) that converts visual information captured by a camera into simplified tactile information that can be perceived through the fingers. The proposed system contains two main subsystems: 1. Image Processing Subsystem: reduces the resolution of camera images while preserving important object features and converts them into binary images suitable for the tactile stimulation device. 2. Trajectory Tracking Subsystem: tracks the movement of the active camera while the user explores objects, allowing researchers to analyze the user's active sensing strategy.
B55: https://doi.org/10.1177/10711813251360704 | C55: The Multimodal Exhibition: Tangible Interactions for People With Visual Impairments | D55: 2025 | E55: Sage | F55: https://journals.sagepub.com/doi/10.1177/10711813251360704
B56: 10.1016/j.ijhcs.2007.08.001 | C56: Haptic-feedback support for cognitive mapping of unknown spaces by people who are blind | D56: 2008 | E56: Elsevier | F56: linkinghub.elsevier.com/retrieve/pii/S1071581907001012
B57: https://doi.org/10.1186/s41235-020-00240-7 | C57: Multisensory inclusive design with sensory substitution | D57: 2020 | E57: Springer Nature | F57: https://link.springer.com/article/10.1186/s41235-020-00240-7
B58: https://doi.org/10.1177/1460458222111260 | C58: Multi-obstacle aware smart navigation system for visually impaired people in fog connected IoT-cloud environment | D58: 2022 | E58: Sage | F58: https://journals.sagepub.com/doi/10.1177/14604582221112609
B59: https://doi.org/10.1080/17483107.2025.2463541 | C59: Multi-faceted sensory substitution using wearable technology for curb alerting: a pilot investigation with persons with blindness and low vision | D59: 2025 | E59: Taylor & Francis | F59: https://www.tandfonline.com/doi/full/10.1080/17483107.2025.2463541 | G59: X | H59: Excluded | I59: This paper is excluded because it does not meet the required publisher criteria. | J59: X | K59: X
B60: https://dx.doi.org/10.1109/ACCESS.2024.3419102 | C60: Impact of Device and Environment on Visual-Auditory Sensory Substitution: A Comprehensive Behavioral Analysis Using the vOICe Algorithm | D60: 2024 | E60: IEEE | F60: https://ieeexplore.ieee.org/document/10571914/
B61: 10.3233/RNN-221279 | C61: Sensory augmentation for a rapid motor task in a multisensory environment | D61: 2023 | E61: Sage | F61: https://journals.sagepub.com/doi/10.3233/RNN-221279 | G61: Use sensory substitution and augmentation systems (SSASys) to enhance human perceptual abilities by translating information about the world into a new format Development in sensors and wearable devices to replace the sense of sight with hearing. SSASys can augment and coordinate with existing sensorimotor skills rather than being limited to replacement use cases | H61: included | I61: related to sensor substitution | J61: it could be that the systems that control rapid and accurate hand movement are not easily penetrable by a SSASy. Findings from interception tasks already suggest a complex and subtle interplay between vision, planning, interoception, and the muscular-skeletal system | K61: we asked healthy sighted participants to play a stripped-down version of air hockey in an immersive virtual environment. It involved hitting a rapidly oncoming puck before it hit the closest edge of the virtual table, similar to previous manual interception tasks
A62: Hend | B62: 10.1016/j.neubiorev.2007.05.010 | C62: What neuroimaging tells us about sensory substitution | D62: 2007 | E62: Elsevier | F62: https://www.sciencedirect.com/science/article/abs/pii/S0149763407000668?via%3Dihub | H62: Excluded
B63: 10.1109/TCE.2024.3366763 | C63: ODD-M3D: Object-Wise Dense Depth Estimation for Monocular 3-D Object Detection | D63: 2024 | E63: IEEE | F63: https://ieeexplore.ieee.org/document/10438849 | G63: we create a sampling space and obtain the ground truth by moving them from the sampling space to the object space | H63: included | I63: Depth Estimation for Monocular 3-D Object Detection | J63: estimating depth from a single 2D image remains challenging due to the typical ill-posed nature of the problem | K63: we propose a new method that improves depth estimation accuracy by randomly sampling object-wise points instead of relying on a single center point,
B64: 10.1177/20556683251316305 | C64: The development of a wearable goggle echolocation device to support people who are visually impaired with unhindered and unaided movement | D64: January 23, 2025 | E64: Sage | F64: https://journals.sagepub.com/doi/10.1177/20556683251316305 | G64: The wearable echolocation device was developed using three ultrasonic sensors, one placed in the right, left, and middle of the goggle with each connected to a buzzer | H64: included (IMPORTANT)
C65: EMPOWERING VISUALLY IMPAIRED INDIVIDUALS WITH HOLISTIC ASSISTANCE USING REAL-TIME SPATIAL AWARENESS SYSTEM | D65: 45413 | H65: Excluded | I65: unknown
C66: Computer Vision for Assistive Technologies: Enhancing Environmental Perception for the Visually Impaired | D66: 45778 | H66: Excluded | I66: unknown
B67: https://doi.org/10.1016/j.heliyon.2024.e31825 | C67: A comprehensive review of navigation systems for visually impaired individuals | D67: 45458 | E67: heliyon | F67: https://www.cell.com/heliyon/fulltext/S2405-8440(24)07856-3?_returnURL=https%3A%2F%2Flinkinghub.elsevier.com%2Fretrieve%2Fpii%2FS2405844024078563%3Fshowall%3Dtrue | H67: Excluded | I67: unknown
C68: Recruitment of Occipital Cortex during Sensory Substitution Training Linked to Subjective Experience of Seeing in People with Blindness | D68: 40765 | E68: plos one | H68: Excluded | I68: unknown
E69: mdpi | H69: Excluded | I69: unknown
H70: Excluded | I70: unknown
H71: Excluded | I71: unknown
H72: Excluded | I72: unknown
B73: 10.1007/s12559-026-10547-0 | C73: Multi-modal Zebra Crossing Detection Framework for Visually Impaired Navigation | D73: 2026 | E73: Springer | F73: https://link.springer.com/article/10.1007/s12559-026-10547-0 | G73: YOLOv11 - Hough Line Transform (HLT) - Haze U-Net + LeNet-MFCN - CNN + Cross-Attention - Text-to-Speech (TTS) | H73: Included | I73: The AI-powered navigation system detects pedestrian crossings, traffic signals, and obstacles, assisting the blind and visually impaired. This is linked to the "Super Brain" initiative, which focuses on technologies that ensure highly safe navigation. | J73: Blind individuals face challenges such as the high cost of assistive technologies, limited datasets, overfitting, and poor detection in low-light conditions, fog, and complex traffic situations. | K73: MZCDFVIN + YOLOv11 + HLT + CNN + Haze U-Net + LeNet + SROA for real-time detection and navigation assistance.
A74: mostafa | B74: 10.1007/s12193-025-00463-2 | C74: Haptic and auditory cues: a study on independent navigation for visually impaired individuals | D74: 2025 | E74: Springer | F74: https://link.springer.com/article/10.1007/s12193-025-00463-2 | G74: Intel RealSense D435i stereo vision camera - Depth-map processing & obstacle detection - Odroid-N2 single-board computer - Wearable haptic belt with - 22 vibrating actuators - Auditory feedback / speakers - Bluetooth | H74: Included | I74: Paper is developing a wearable device that utilizes haptic and auditory signals to help the blind and visually impaired move around freely. This initiative is linked to the Super Brain project, as it focuses on leveraging technology to assist individuals with visual impairments. | J74: Current assistive navigation systems struggle to convert visual information into tactile or auditory information in a way that is easy to understand. | K74: Stereo vision + depth processing + haptic belt + auditory feedback + user-controlled operating modes.
B75: 10.1007/s12193-024-00447-8 | C75: The effects of haptic, visual and olfactory augmentations on food consumed while wearing an extended reality headset | D75: 2024 | E75: Springer | F75: https://link.springer.com/article/10.1007/s12193-024-00447-8 | G75: Varjo XR-3 extended reality headset - QR-code tracking cube - Electromagnetic actuators - Arduino control system - Olfactory necklace display - Air compressor + odor bottles | H75: Included | I75: Paper employs haptic, visual, and olfactory feedback delivered via an extended reality headset to alter how people perceive food. this is linked to the Super Brain concept, as it utilizes sensory-based technology to modify human sensory perception. | J75: Plant-based foods can be healthier and more sustainable, but they may not provide the same pleasant eating experience people expect from conventional foods. | K75: A multisensory XR system combining visual + haptic + olfactory augmentation.
B76: 10.1007/s12193-023-00427-4 | C76: Review of substitutive assistive tools and technologies for people with visual impairments: recent advancements and prospects | D76: 2023 | E76: Springer | F76: https://link.springer.com/article/10.1007/s12193-023-00427-4 | G76: Electronic Travel Aids (ETAs) - Sensory substitution devices - Computer vision systems - Wearable haptic devices - Audio-based navigation systems - AI and machine learning | H76: Included | I76: The paper explores assistive and sensory-based technologies designed for the blind and visually impaired including visual, auditory, and tactile systems. This ties into the Super Brain concept, as it involves technologies that compensate for the sense of sight or support it by utilizing other sensory inputs. | J76: There are various technologies designed primarily to assist visually impaired individuals with their work, but they suffer from issues regarding ease of use and ease of learning. | K76: User-centered + multimodal assistive technology, with visually impaired users involved throughout design and testing.
B77: 10.1007/s12193-021-00376-w | C77: SoundSight: a mobile sensory substitution device that sonifies colour, distance, and temperature | D77: 2021 | E77: Springer | F77: https://link.springer.com/article/10.1007/s12193-021-00376-w | G77: Mobile sensory substitution device - Colour sensor - Distance sensor - Temperature sensor - Sonification system - Headphones | H77: Included | I77: The video showcases a device called SoundSight, designed for sensory substitution. it converts color, distance, and temperature into sounds to assist visually impaired users. This is naturally linked to the Super Brain concept, as it relies on alternative sensory inputs to help users understand their surroundings. | J77: It is difficult to rely on current sensory substitution devices in the long term due to their high cost and the difficulty of learning how to use them. | K77: SoundSight converts visual/depth/thermal information into real-time sounds using a smartphone and different sensors
B78: 10.1007/s11042-026-21198-6 | C78: BLE and surveillance camera-based navigation system for visually impaired people | D78: 2026 | E78: Springer | F78: https://link.springer.com/article/10.1007/s11042-026-21198-6 | G78: BLE (Bluetooth Low Energy) - Surveillance cameras - Computer vision - AI-based object/obstacle detection - Navigation system | H78: Included | I78: Paper is developing a navigation system for the blind and visually impaired that utilizes BLE, surveillance cameras, and AI to detect obstacles. This initiative is linked to the Super Brain project, as it provides assistive navigation technology for users such as the blind and those with low vision.
B79: 10.1007/s11042-026-21158-0 | C79: Enhancing the experience of film with a wearable tactile/ haptic suit | D79: 2026 | E79: Springer | F79: https://link.springer.com/article/10.1007/s11042-026-21158-0 | G79: Wearable Bubble Suit - Pressure-based Haptic Feedback - Arduino control system - Air Pump - PVC Air Bubbles - Silicone Air Tubes - Noise-cancelling headphones | H79: ُExcluded
B80: 10.1007/s00530-025-02139-z | C80: Assisting blind people with AI and audio using smart glasses: system design with YOLOv8 variants comparisons | D80: 2026 | E80: Springer | F80: https://link.springer.com/article/10.1007/s00530-025-02139-z | G80: Vuzix Blade 2 Smart Glasses - YOLOv8 - Simple Online and Realtime Tracking - Distance Estimation - Azure AI Vision / OCR - Microsoft Cognitive Speech Service - TensorFlow Lite - OpenCV - WebSocket - Unity | H80: Included | I80: Paper is developing AI-powered smart glasses that feature object detection, optical character recognition (OCR), and audio feedback to help the blind navigate safely. This initiative is linked to the Super Brain concept, as it combines AI with sensory assistance to support users with visual impairments.
B81: 10.1007/s00221-026-07309-7 | C81: Agents’ awareness of visuo-motor incongruency determines changes in haptic sensitivity | D81: 2026 | E81: Springer | F81: https://link.springer.com/article/10.1007/s00221-026-07309-7 | G81: Robotic manipulandum - Visual feedback system - Haptic stimulation - Visuo-motor perturbation - Force/position sensors | H81: included | I81: The paper examines how individuals awareness of visual and motor changes affects tactile sensitivity.
B82: 10.1007/s00221-021-06181-x | C82: Tactile spatial discrimination on the torso using vibrotactile and force stimulation | D82: 2021 | E82: Springer | F82: https://link.springer.com/article/10.1007/s00221-021-06181-x | G82: Vibrotactile actuators - Force-feedback actuators - Wearable tactile vest - Vibrotactile stimulation system - Force stimulation system | H82: ُExcluded | I82: The paper discusses vibration and pressure stimulation using haptic vests capable of covering the torso.
B83: 10.1016/j.brainres.2015.06.033 | C83: The role of visual deprivation and experience on the performance of sensory substitution devices | D83: 2015 | E83: Elsevier | F83: https://www.sciencedirect.com/science/article/abs/pii/S0006899315005156?via%3Dihub | G83: Vibrotactile technology - Force-feedback technology | H83: Included | I83: The paper discusses sensory substitution devices and how the visual experience influences their performance. This study offers a significant advantage the concept of a super brain as it involves specific technologies that enable users to process information through alternative sensory inputs. | J83: People who use sensory substitution devices often require a significant amount of training to understand the alternative sensory information. | K83: The solution lies in intensive training and experience two important elements for improving performance.
B85: https://doi.org/10.1186/s12984-021-00935-y | C85: Enabling visually impaired people to learn three‐dimensional tactile graphics with a 3DOF haptic mouse | D85: 2021 | E85: Springer | F85: https://link.springer.com/article/10.1186/s12984-021-00935-y | G85: The TActile MOuse 3 (TAMO3) - Haptic Sensory Substituion | H85: included | I85: this paper presents a novel sensory substitution system that enables to learn three dimensional digital information via touch when vision is unavailable. | J85: three dimensional digital information is difficult to see and visually impaired people can't see it | K85: A mouse-shaped device, designed to jointly perceive, with one finger only, local tactile height and inclination cues of arbitrary scalar fields.
A86: Farah | B86: https://doi.org/10.3758/s13414-024-02959-7 | C86: Viewed touch influences tactile detection by altering decision criterion | D86: 2024 | E86: Springer | F86: https://link.springer.com/article/10.3758/s13414-024-02959-7 | G86: Vicarious Tactile activation - Tactile perception - Visual information | H86: included | I86: this paper discusses the tactile perception when people see visual information | J86: to know if visual information enhances tactile perception or it enhances the decision making | K86: These findings suggest that viewing touch influences tactile performance by altering tactile decision mechanisms rather than the tactile perceptual signal
B87: 10.1186/s40580-026-00552-2 | C87: Advances in neuroprostheses: interfaces, materials, and applications | D87: 2026 | E87: Springer | F87: https://link.springer.com/article/10.1186/s40580-026-00552-2 | G87: Nanotechnology - neuroprostheses | H87: included | I87: This review examines the critical role of nanotechnology in building high performance neuroprostheses across six key classes: motor, visual, tactile, language, memory and olfactory | J87: Biological systems struggle to communicate with electronic systems due to a mismatch at the neural interface. | K87: using nanotechnology
B88: 10.1186/s41235-023-00495-w | C88: A direct comparison of sound and vibration as sources of stimulation for a sensory substitution glove | D88: 2023 | E88: Springer | F88: https://link.springer.com/article/10.1186/s41235-023-00495-w | G88: sensory substitution devices - adequacy of touch - adequacy of hearing | H88: included | I88: this paper discusses that touch and hearing can substitute for visual information | J88: autonomous mobility of visually impaired people | K88: Sensory substitution devices (SSDs) are designed to improve navigation
B89: s41378-026-01190-8 | C89: Complementary visual localization and tactile mapping approach for robotic perception of millimeter-sized objects with irregular surfaces | D89: 2026 | E89: Nature | F89: https://www.nature.com/articles/s41378-026-01190-8 | G89: visual localization - tactile sensing | H89: included | I89: This study provides a technological foundation for enhancing the autonomy and adaptability of humanoid robots in unpredictable and unstructured environments, particularly to support precise robot manipulation in such conditions. | J89: robots can't percieve small and irregular objects | K89: Foundation for sensory substitution systems that help robots percieve small and irregular objects
B90: x | H90: Excluded
B91: x | H91: Excluded
B92: x | H92: Excluded
B93: x | H93: Excluded
B94: x | H94: Excluded
B95: x | H95: Excluded
B96: x | H96: Excluded
B97: x | H97: excluded
A98: Fathy | B98: https://doi.org/10.1038/s41539-025-00385-4 | C98: Learning visual to auditory sensory substitution reveals flexibility in image to sound mapping | D98: 2026 | E98: Nature | F98: https://www.nature.com/articles/s41539-025-00385-4 | G98: The vOICe Visual-to-auditory sensory substitution Sensory Substitution Device (SSD) Image-to-sound mapping Spectral-temporal acoustic mapping Pitch-based spatial encoding Time-based spatial encoding Amplitude encoding for pixel brightness | H98: included | I98: The paper presents and evaluates a relevant assistive technology for visual information accessibility, specifically The vOICe visual-to-auditory sensory substitution device (SSD), which converts visual information into sound using structured image-to-sound mappings. | J98: There is limited empirical evidence comparing fundamentally different image-to-sound axis mappings in visual-to-auditory sensory substitution systems, so it is unclear whether users must rely on the traditional pitch–elevation / time–horizontal mapping or can learn alternative mappings effectively. | K98: The study compares the traditional The vOICe image-to-sound mapping with a reversed mapping and a control condition to test whether users can learn alternative visual-to-auditory mappings effectively.
B99: https://doi.org/10.1038/s41539-025-00385-4 | C99: Learning visual to auditory sensory substitution reveals flexibility in image to sound mapping | D99: 2025 | E99: Nature | F99: https://www.nature.com/articles/s41539-025-00385-4 | G99: The vOICe; Sensory Substitution Device (SSD); Visual-to-auditory sensory substitution; Image-to-sound mapping; Spectral-temporal acoustic mapping; Pitch-based spatial encoding; Time-based spatial encoding; Amplitude encoding | H99: included | I99: The study evaluates The vOICe, a visual-to-auditory sensory substitution technology designed to convert visual information into sound and support access to visual information. | J99: There is limited empirical work directly comparing fundamentally different image-to-sound axis mappings, leaving uncertainty about whether learning is constrained by traditional cross-modal correspondences such as pitch for elevation. | K99: The study compares the traditional The vOICe mapping with a reversed image-to-sound mapping and an arbitrary control mapping to determine whether users can effectively learn alternative structured visual-to-auditory mappings.
B100: 10.1016/j.tics.2008.07.004 | C100: Parahippocampal and retrosplenial contributions to human spatial navigation | D100: 2008 | E100: Elsevier | F100: https://www.sciencedirect.com/science/article/abs/pii/S136466130800199X? | G100: Neuroimaging fMRI Parahippocampal Place Area (PPA) Retrosplenial Complex (RSC) Spatial cognition and navigation | H100: included | I100: Because it is published by Elsevier and directly discusses human spatial navigation, including the brain mechanisms involved in understanding scenes | J100: The paper addresses the fact that the neural systems supporting human spatial navigation were not fully understood, especially the specific roles of the parahippocampal and retrosplenial regions | K100: The paper reviews neuroimaging, neuropsychology, neuroanatomy, and neurophysiology findings to explain how the PPA represents local visual scenes while the RSC helps place those scenes within the wider environment and supports navigation toward locations that may not be currently visible
B101: 10.1038/s41598-020-59102-3 | C101: Poor resolution at the back of the tongue is the bottleneck for spatial pattern recognition | D101: 2020 | E101: Nature | F101: https://www.nature.com/articles/s41598-020-59102-3 | G101: BrainPort Vision Pro Head-mounted camera Electro-tactile sensory substitution Tongue stimulation 20 × 20 electrode array Visual-to-tactile information conversion | H101: included | I101: directly relevant to sensory substitution for blind people, especially using the tongue to receive visual information through electro-tactile stimulation
B102: x | H102: excluded
...

Sheet Fathy
B1: Paper's DOI | C1: Title | D1: Publication Year | E1: Publisher | F1: paper URL | G1: Technology | H1: Included or Excluded | I1: Reason for inclusivity | J1: Problem | K1: Solution | L1: Main Tags | M1: Another Tags
A2: David | B2: 10.1016/j.bcp.2025.116272 | C2: A quantitative assessment of EOG eye tracking during free viewing in sighted and in congenitally blind | D2: 2025 | E2: Elsevier | F2: https://www.sciencedirect.com/science/article/pii/S0006899325003555?via%3Dihub | G2: Electrooculography (EOG) Video-Based Eye Tracking SMI Eye-Tracking Glasses Smarting Mobile EEG g.HIamp Amplifier BioSemi EEG vEOG / hEOG Blink Detection Saccade Detection The vOICe | H2: included | J2: Limited exploration of EOG in naturalistic/free-viewing conditions Video-based tracking can fail in blind individuals due to pupil abnormalities or eyelid control Need to detect eye movements without visual fixation | K2: EOG-based detection of blinks and saccades Comparison with video-based eye tracking Testing under light, darkness, eyes-closed, and congenital blindness Demonstrated that EOG can detect eye movements in blind participants
B3: 10.1016/j.neuroimage.2025.121652 | C3: Long-term visual-to-tactile stimulation induces functional reorganization of thalamic pathways to achieve visual perception | D3: 2025 | E3: Elsevier | F3: https://www.sciencedirect.com/science/article/pii/S105381192500655X?via%3Dihub | G3: Sensory Substitution Device (SSD) Visual-to-Tactile Conversion Tactile Stimulation Resting-State fMRI Functional Connectivity Analysis Thalamic/Occipital Brain Imaging | H3: included | J3: Limited understanding of how long-term tactile sensory substitution produces visual perception. Unclear how the brain reorganizes its pathways during prolonged SSD use. | K3: Long-term visual-to-tactile stimulation/training. Investigation of changes in thalamic–occipital connectivity to understand the neural mechanism.
B4: 10.1016/j.neuroimage.2021.118029 | C4: Topographic maps and neural tuning for sensory substitution dimensions learned in adulthood in a congenital blind subject | D4: 2021 | E4: Elsevier | F4: https://www.sciencedirect.com/science/article/pii/S1053811921003062?via%3Dihub | G4: Auditory Sensory Substitution Device 2D Auditory Soundscape Pitch Encoding Temporal Encoding Population Receptive Field Mapping fMRI | H4: included | J4: How the adult brain represents newly learned sensory dimensions in a person who is congenitally blind. | K4: Convert spatial information into auditory dimensions. Train the participant to interpret the auditory representation. Analyze the resulting neural maps and tuning.
B5: 10.1016/j.neuroimage.2024.120621 | C5: Visual Mental Imagery and Neural Dynamics of Sensory Substitution in the Blindfolded Subjects | D5: 2024 | E5: Elsevier | F5: https://www.sciencedirect.com/science/article/pii/S1053811924001162?via%3Dihub | G5: Auditory Sensory Substitution Visual-to-Auditory Encoding Soundscape Stimuli Functional MRI Dynamic Causal Modeling (DCM) Visual Mental Imagery | H5: included | J5: How sensory-substitution information is processed by the brain. Whether auditory sensory substitution can engage visual mental imagery. | K5: Train subjects to interpret auditory representations of visual shapes. Use neuroimaging and DCM to analyze the resulting brain-network dynamics.
B6: 10.1177/0145482X19842491 | C6: A Haptic Navigation Aid for Individuals with Visual Impairments: Indoor and Outdoor Feasibility Evaluations of the LaserNavigator | D6: 2019 | E6: SAGE Publications | F6: https://journals.sagepub.com/doi/10.1177/0145482X19842491 | G6: Laser Rangefinder Haptic Feedback Vibrating Actuator Handheld Device Virtual White Cane Variable Virtual Cane Length | H6: included | J6: Conventional white canes have a limited detection range. | K6: Use a laser rangefinder to detect objects beyond normal cane range. Convert measured distance into haptic feedback.
B7: 10.5220/0006617505550562 | C7: Wearable RGB Camera-based Navigation System for the Visually Impaired | D7: 2018 | E7: SciTePress | F7: https://www.scitepress.org/PublishedPapers/2018/66175/ | H7: Excluded | I7: Published by SciTePress
B8: 10.1609/aaai.v37i2.25233 | C8: BEVDepth: Acquisition of Reliable Depth for Multi-View 3D Object Detection | D8: 2023 | E8: AAAI | F8: https://ojs.aaai.org/index.php/AAAI/article/view/25233 | H8: Excluded | I8: Because it falls in a different feild of study and is published by AAAI
B9: 10.1109/EMBC.2013.6611022 | C9: Electrotactile vision substitution for 3D trajectory following | D9: 2013 | E9: IEEE | F9: https://ieeexplore.ieee.org/document/6611022 | H9: Excluded | I9: Published in 2013 and The linked IEEE document does not appear to correspond to the assistive-vision/navigation research needed for your review
B10: 10.1109/EIT51626.2021.9491913 | C10: Visually Impaired Indoor Navigation using YOLO Based Object Recognition, Monocular Depth Estimation and Binaural Sounds | D10: 2021 | E10: IEEE | F10: https://ieeexplore.ieee.org/document/9491913 | G10: Monocular RGB Camera Deep Learning ResNet-50 Backbone Encoder–Decoder Network YOLOv8 Object Detection Monocular Depth Estimation Object Distance Estimation D-Far250 Dataset KITTI Dataset Binaural/Spatial Audio HRTF | H10: included | J10: Difficulty detecting objects and understanding their distance and spatial position during indoor navigation. | K10: YOLO detects objects. Monocular depth estimation estimates object distance. Spatial information is converted into binaural audio. Audio provides directional and distance information to the user.
B11: 10.1109/TITS.2022.3161141 | C11: Trans4Trans: Efficient Transformer for Transparent Object and Semantic Scene Segmentation in Real-World Navigation Assistance | D11: 2021 | E11: arXiv | F11: https://ieeexplore.ieee.org/document/9743965 | G11: RGB-D Camera Portable GPU Trans4Trans Transformer Transformer Parsing Module (TPM) Semantic Segmentation Transparent Object Segmentation Depth Information Bone-Conduction Earphone | H11: included | J11: Transparent objects such as glass doors and glass walls can be incorrectly interpreted as free/walkable space. | K11: Detect transparent objects separately. Combine transparent-object segmentation with semantic segmentation and depth information. Provide navigation feedback to the visually impaired user.
B12: 10.1109/TOH.2021.3138590 | C12: In-Device Feedback in Immersive Head-Mounted Displays for Distance Perception During Teleoperation of Unmanned Ground Vehicles | D12: 2022 | E12: arXiv | F12: https://ieeexplore.ieee.org/document/9664257 | H12: Excluded | I12: Different feild of study (The actual application is remote control of unmanned ground vehicles0
B13: 10.48550/arXiv.2201.04453 | C13: Obstacle Avoidance for Blind People Using a 3D Camera and a Haptic Feedback Sleeve | D13: 2022 | E13: arXiv / CoRR | F13: https://arxiv.org/abs/2201.04453 | G13: Intel RealSense D415 3D Camera 3D Point Cloud Depth Mapping AAEON Up Board 5×5 Haptic Feedback Sleeve Vibration Motor Array Spatial Depth-to-Haptic Mapping 3D-Printed Glasses | H13: included | J13: Limited obstacle detection range using conventional aids. Difficulty providing multidimensional information about obstacles. Some existing approaches depend on lighting conditions. | K13: Capture 3D depth information using the RealSense camera. Convert the depth map into a 5×5 spatial representation. Map each region to a corresponding vibration motor. Use vibration intensity to communicate obstacle distance.
A14: salma | B14: 10.1080/23311916.2025.2560974 | C14: An assistive haptic-based obstacle avoidance system for individuals with profound visual impairment | D14: 2025 | E14: Taylor & Francis | F14: https://www.tandfonline.com/doi/full/10.1080/23311916.2025.2560974 | G14: X | H14: Excluded | I14: because paper published by taylor that not included in our scope | J14: X | K14: X
B15: https://doi.org/10.1002/aisy.70450Digital Object Identifier (DOI) | C15: Enhanced Monocular Depth Estimation Using ResNet Backbone and Multiscale Feature Decoding for Precise Object Distance Measurement | D15: 2026 | E15: Wiley | F15: https://advanced.onlinelibrary.wiley.com/doi/10.1002/aisy.70450 | H15: included
C16: Duplicated | H16: Execlauded | I16: because paper published by taylor that not included in our scope
C17: Sight Guide: A Wearable Assistive Perception and Navigation System for the Vision Assistance Race in the Cybathlon 2024 | D17: 2025 | E17: Arixiv | H17: Excluded | I17: because paper published by taylor that not included in our scope
B18: 10.1109/ICRA40945.2020.9196782 | C18: A Visual Positioning System for Indoor Blind Navigation | D18: 2020 | E18: IEEE | F18: https://www.researchgate.net/publication/339725908_A_Visual_Positioning_System_for_Indoor_Blind_Navigation | H18: included
B19: 10.1109/ACCESS.2023.3244073 | C19: A Survey on Outdoor Navigation Applications for People With Visual Impairments | D19: 2023 | E19: IEEE | F19: https://ieeexplore.ieee.org/document/10041898 | H19: included
B20: https://doi.org/10.1016/j.eswa.2023.121065 | C20: A data fusion framework based on heterogeneous information network embedding for trigger-action programming in IoT | D20: 2023 | E20: Elsevier | F20: https://www.sciencedirect.com/science/article/abs/pii/S0957417423015671?via%3Dihub | H20: included
B21: https://doi.org/10.48550/arXiv.2511.10026 | C21: Grating haptic perception through touchscreen: Sighted vs. Visually Impaired | D21: 2026 | E21: arXiv | F21: https://arxiv.org/abs/2511.10026v3 | G21: X | H21: Excluded | I21: because paper published by arix that not included in our scope | J21: X | K21: X
B22: https://doi.org/10.1007/s42486-023-00136-7 | C22: A smart obstacle avoiding technology based on depth camera for blind and visually impaired people (Commentry) | D22: 2023 | E22: Springer | F22: https://link.springer.com/article/10.1007/s42486-023-00136-7 | H22: Excluded
B23: 10.1177/20552076251408522 | C23: Sensory-driven micro-interventions for improved health and wellbeing | D23: 2025 | E23: Sage | F23: https://journals.sagepub.com/doi/10.1177/20552076251408522 | H23: included
H25: Excluded
A26: Taha | B26: 10.3233/APC210058 | C26: A Robotic Assisted System Using Deep Learning for Navigation and Reading IoT Based Home Automation for Visually Impaired | D26: 2021 | E26: IOS Press | F26: https://ebooks.iospress.nl/doi/10.3233/APC210058 | G26: X | H26: Excluded | I26: because paper published by IOS press that not included in our scope | J26: X | K26: X
B27: 10.1196/annals.1305.006 | C27: Tactile Sensory Substitution Studies | D27: 2004 | E27: Wiley | F27: https://nyaspubs.onlinelibrary.wiley.com/doi/epdf/10.1196/annals.1305.006 | G27: camera - Sensory Substitution - Tongue Electrotactile Interface - Vibrotactile Stimulation | H27: included | I27: The paper is included because it helps blind users by explaining sensory substitution by info from camera converted into tactile information that brain can learn to understand | J27: problem is to how to provide a visiual info to blind peoples by using tactile stimulation the chalenge is to create an effective brain -machine interface(BMI) | K27: the paper uses: 1-sensory substitution system : converts visual info from a camera into tactile (electrotactile stimulation) 2-stimulation is delivered through tactile arrays 3-electrotactile interface on the tongue 4-allow brain to learn and interpert the info
B28: 10.1016/j.asej.2023.102387 | C28: An effective obstacle detection system using deep learning advantages to aid blind and visually impaired navigation | D28: 2024 | E28: Elsevier | F28: https://www.sciencedirect.com/science/article/pii/S2090447923002769?via%3Dihub | G28: Deep Learning Modified YOLOv5 Computer Vision Obstacle/Object Detection Indoor & Outdoor Environment Model optimization for deployment on embedded devices | H28: included | I28: Paper focus on obstacle detection for blind using YOLOv5 model it cover indoor andoutdoor objects and uses optimization method to make model lightweight | J28: Blind and visually impaired people have difficulty detecting obstacles and navigating safely in their surroundings. | K28: The paper proposes a modified YOLOv5-based obstacle detection system to detect objects/obstacles and provide information that can assist blind and visually impaired users during navigation
B29: 10.1109/JAS.2021.1004084 | C29: An RGB-D Camera Based Visual Positioning System for Assistive Navigation by a Robotic Navigation Aid | D29: 2021 | E29: IEEE | F29: https://www.ieee-jas.net/article/doi/10.1109/JAS.2021.1004084?pageType=en | G29: RGB-D Camera IMU Visual-Inertial Odometry (VIO) 6-DOF Pose Estimation Particle Filter Localization Indoor CAD/Floor Plans Path Planning & Obstacle Avoidance Real-time processing | H29: Included | I29: Because it focuses on assistiv navigation for impaired users and combine computer vision with RGB and real time navigation | J29: blind people need reliable navigation assistance in large indoor environments Existing mobility tools such as white canes and guide dogs do not provide electronic localization/navigation information | K29: The paper develops a real-time visual positioning system for a robotic navigation aid. It combines an RGB-D camera + IMU to estimate the device's 6-DOF pose, then uses a particle filter and indoor CAD floor-plan information to reduce localization error and support wayfinding
C30: duplicated | H30: Excluded
B31: X | C31: X | D31: X | E31: Taylor & Francis | F31: https://www.tandfonline.com/doi/epdf/10.1080/23311916.2025.2560974?needAccess=true | G31: X | H31: Excluded | I31: because paper published by taylor press that not included in our scope | J31: X | K31: X
B32: 10.1177/20552076251408522 | C32: Sensory-driven micro-interventions for improved health and wellbeing | D32: 2025 | E32: Sage | F32: https://journals.sagepub.com/home/dhj | G32: AI / Machine Learning IoT Wearable sensors Sensory devices & interfaces Real-time data collection and processing Sensory substitution Vibrotactile / haptic feedback Smartphones and connected devices Embedded sensors | H32: included | I32: included because paper support sensory substituation and hapitic feedback concept of super Brain it discusses technologies that convert environmental/visual information into tactile feedback for visually impaired users | J32: sensory technologies work separately there no simple system for continuously monitoring sensory changes and providing personalized help when needed | K32: The paper proposes using AI IoT wearable sensors and sensory devices to monitor sensory changes and provide personalized sensory training
B33: 10.1007/s42486-023-00136-7 | C33: A smart obstacle avoiding technology based on depth camera for blind and visually impaired people | D33: 2023 | E33: Springer Nature | F33: https://link.springer.com/article/10.1007/s42486-023-00136-7? | G33: Depth/RGB-D Camera — Intel RealSense D435i 3D Point Cloud L-PointPillars Deep Learning / Neural Network Depthwise Separable Convolution Attention Mechanism NVIDIA Jetson Xavier NX PyTorch + Python Text-to-Speech (TTS) Audio Feedback | H33: included | I33: Included because it uses a depth camera and AI-based obstacle detection to help blind and visually impaired people navigate safely outdoors | J33: impaired people difficult detecting and avoiding obstacles when traveling outdoors. Existing assistive devices have limited detection range and limited computing power | K33: The paper proposes a wearable system that uses a depth camera and L-PointPillars to detect obstacles in real time and gives audio information about the obstacle and its distance
B34: 10.1016/j.eswa.2023.121065 | C34: A data fusion framework based on heterogeneous information network embedding for trigger-action programming in IoT | D34: 2023 | E34: Elsevier | F34: https://www.sciencedirect.com/science/article/abs/pii/S0957417423015671?via%3Dihub | G34: IoT Artificial Intelligence of Things (NLP) Heterogeneous Information Network HIN Embedding Metagraph-guided Random Walk Skip-gram Multi-label Classification | H34: included | I34: there are too many trigger-action combinations that is difficult and time-consuming for users to create IoT recipes manually | K34: The paper proposes TAPFuser an IoT framework that uses NLP and HIN embedding to understand natural-language requests and automatically recommend suitable trigger-action recipe
B35: 10.1038/s41928-023-01074-z | C35: A skin-integrated multimodal haptic interface for immersive tactile feedback | D35: 2023 | E35: Nature | H35: included | J35: X | K35: X
B36: 10.1002/aisy.70450 | C36: Enhanced Monocular Depth Estimation Using ResNet Backbone and Multiscale Feature Decoding for Precise Object Distance Measurement | D36: 2026 | E36: Wiley | F36: https://www.nature.com/articles/s41928-023-01074-z | G36: Monocular RGB Camera Deep Learning ResNet-based Encoder–Decoder Multiscale Feature Decoding YOLOv8 Object Detection Monocular Depth Estimation Object Distance Estimation D-Far250 Dataset KITTI Dataset | H36: included | I36: because it uses deep learning and object detection and and monocular depth estimation to detect objects and measure their distance and that support obstacle detection and navigation in Super Brain | J36: Traditional depth systems often need expensive sensors such as LiDAR or stereo cameras while monocular systems can have difficulty estimating accurate distances especially for far objects. | K36: The paper proposes a deep-learning system that uses a single RGB camera with a ResNet-based model and YOLOv8 to estimate object depth and distance without LiDAR or stereo cameras
B37: https://doi.org/10.1016/j.patrec.2019.03.008 | C37: Enhancing perception for the visually impaired with deep learning techniques and low-cost wearable sensors | D37: 2020 | E37: Elsevier | F37: https://www.sciencedirect.com/science/article/abs/pii/S0167865519300881?via%3Dihub | G37: * Shirt-pocket miniature wireless RGB camera * smartphone , smart watch * Monocular Depth Estimation --> ResNet-50 backbone * Urban Object Detection:---> CNN detector : 7 urban obstacle classes * Spatial Discretization:---> Bins 3D space in front of the user into 9 sectors * Continuous 3-level intensity haptic feedback | H37: Included | I37: Deeplearning Techniques for Enhancing Perception for Visuall impaired | J37: * visually impaired people face the outdoor environment and connot detect teh distance of the obstacles * ETAs : Travel aids ---> relying on RGB camera , LIDAR are heavy , big , fail in sunlight , expensive | K37: * lightweigh , low cost , replace with physical depth sensors * monocular depth , couples with object dedector * descretizes 3d space , delivers continuous 3 intensity habtic vibration
A38: Abdalah | B38: https://doi.org/10.1016/j.neunet.2023.12.042 | C38: Bidirectional visual-tactile cross-modal generation using latent feature space flow model | D38: 2023 | E38: Elsevier | F38: https://www.sciencedirect.com/science/article/pii/S0893608023007499?via%3Dihub | G38: * Decoupled visual and tactile Variational Autoencoders * Conditional Flow Model * Contrastive Supervision: InfoNCE contrastive loss (CLIP-style) * Sensory Modalities & Datasets: Evaluated on Touch2Go and LMT multimodal datasets * Quantitative Results: Reaches SSIM | H38: Included | I38: artificial sensory substitution by translating 2D visual inputs into tactile representations | J38: * scale discrepancy ---> global scene geometry vs. localized tactile contact * heterogeneous gap ---> pixels vs. mechanical deformation/vibration * Prior cross-modal methods were strictly unidirectional or required training two separate, unstable GAN networks , leading to inconsistent representations and heavy computational cost. | K38: * A unified generative architecture that maps visual features and tactile signals into separate VAE latent spaces, connected by an invertible conditional flow model that bidirectionally translates visual scenes into realistic tactile representations with high semantic fidelity.
B39: https://ieeexplore.ieee.org/document/5165018 | C39: Wearable Obstacle Avoidance Electronic Travel Aids for Blind: A Survey | D39: 2010 | E39: IEEE | F39: https://ieeexplore.ieee.org/document/5165018 | G39: ------------------ | H39: Excluded | I39: Survey | J39: ------------------ | K39: ------------------
B40: https://doi.org/10.1007/s11042-021-11287-z | C40: Design and development of an indoor navigation system using denoising autoencoder based convolutional neural network for visually impaired people | D40: 2021 | E40: Springer | F40: https://link.springer.com/article/10.1007/s11042-021-11287-z | G40: * DAECNN Architecture * Multi-Angle Visual Localization --> Classifies 12 discrete viewing angles * Evaluation & Dataset---> Trained on 11,190 indoor frames | H40: Included | I40: Vision-Based Indoor Navigation & Visual Localization | J40: * GPS satellite signals cannot penetrate indoor environments * Alternative indoor positioning technologies ----> expensive, power consumpsion * Camera images captured while walking suffer from heavy motion blur, camera shaking, | K40: * Implements the DAECNN pipeline ---> enoising autoencoder to strip noise and motion blur * user positioning accuracy without external infrastructure
B41: https://doi.org/10.1007/s11042-023-16355-0 | C41: Development of a visual to audio and tactile substitution system for mobility and orientation of visually impaired people: a review | D41: 2023 | E41: Springer | F41: https://link.springer.com/article/10.1007/s11042-023-16355-0 | G41: * Sensory Substitution ---> visual-to-audio , visual-to-tactile * Reviews RGB cameras, depth sensors, ultrasonic transducers, and deep learning object/obstacle recognition models. | H41: Included | I41: Comprehensive Review of Visual-to-Tactile & Audio Sensory Substitution | J41: * white canes cannot detect elevated, head-height, or distant obstacles. * Existing assistive systems are non-adaptable, expensive, and heavily | K41: * prioritizing low-cost wearable tactile arrays that preserve hearing , simplify visual scene features into intuitive haptic patterns, and utilize structured user training protocols.
B42: https://doi.org/10.1049/ell2.70570 | C42: A Portable Intelligent Navigation System Based on Embedded Hybrid Computing for Visually Impaired People | D42: 2026 | E42: Wiley | F42: https://ietresearch.onlinelibrary.wiley.com/doi/10.1049/ell2.70570 | G42: * Multi-core STM32MP157F system * Hybrid Edge-Cloud Architecture * natural-language voice feedback for destination guidance and traffic | H42: Included | I42: Embedded System Design & Hybrid Vision-Tactile Navigation | J42: * risks at street intersections, pedestrian crossings, and outdoor sidewalks * Running deep visual-language models entirely on-device causes overheating * battery exhaustion , lag *cloud services risks complete failure in poor network coverage | K42: * A layered, hybrid embedded architecture where a multi-core STM32 * manages local low-latency sensor * high-level visual scene interpretation to cloud vision-language models
B43: https://doi.org/10.1007/s11554-023-01314-7 | C43: Enhanced data fusion of ultrasonic and stereo vision in real‑time obstacle detection | D43: 2023 | E43: Springer | F43: https://link.springer.com/article/10.1007/s11554-023-01314-7 | G43: * Ultrasonic and stereo vision sensor fusion, truncated local stereo matching * GPU CUDA parallel acceleration | H43: Included | I43: Sensing & Real-Time Obstacle Detection Algorithm | J43: * Full stereo matching requires high computational power * ultrasonic sensors suffer from poor angular resolution and wide beam reflection errors | K43: * Combines ultrasonic range cues with local stereo matchin * executing on GPU at 41 FPS speedup over unconstrained matching
B44: https://doi.org/10.1007/s10209-023-00973-4 | C44: Exploiting the haptic and audio channels to improve orientation and mobility apps for the visually impaired | D44: 2023 | E44: Springer | F44: https://link.springer.com/article/10.1007/s10209-023-00973-4 | G44: * Android touchscreen interface * GeoJSON digital map modeling * semantic RGB overlay layer for POI classification * Text-to-Speech (TTS) audio narration | H44: Included | I44: Multimodal Haptic/Audio Feedback & Cognitive Mapping for Navigation | J44: * navigation apps deliver isolated that fail to provide an allocentric environmental overview * while physical embossed tactile maps are static, , and expensive. | K44: * accessible Android prototype converting GeoJSON urban maps into interactive touchscreen
B45: https://doi.org/10.1109/TOH.2025.3616046 | C45: Exploring Tactile Perception: Development and Evaluation of the PinArray, a Novel Haptic Device | D45: 2025 | E45: IEEE | F45: https://ieeexplore.ieee.org/document/11186136 | G45: * PinArray haptic display * multi-touch mode actuation * frequency-differential tactile shape/edge encoding across RAI and RAII mechanoreceptors | H45: Included | I45: Tactile Display Hardware & Tactile Shape/Edge Perception | J45: * Conventional vibrotactile displays are restricted to low frequencies or uniform global vibrations * requency-differentiated stimulation across individual pins to render salient shapes and edges. | K45: * Developed the PinArray, featuring 12 independently controlled pins operating
B46: https://doi.org/10.3233/FAIA231495 | C46: Research on Multimodal Interaction Design Patterns for Visually Impaired People Under Sensory Compensation Theory | D46: 2024 | E46: IOS Press | H46: excluded | I46: Not authrized
B47: https://doi.org/10.1016/j.actpsy.2019.102950 | C47: Tactile aesthetics: Textures that we like or hate to touch | D47: 2019 | E47: Elsevier | F47: https://www.sciencedirect.com/science/article/abs/pii/S0001691819302008?via%3Dihub | H47: excluded | I47: out of scope & out dated
B48: https://doi.org/10.3389/fnhum.2014.00291 | C48: Successful tactile based visual sensory substitution use functions independently of visual pathway integrity | D48: 2014 | E48: Frontiers | F48: https://www.frontiersin.org/journals/human-neuroscience/articles/10.3389/fnhum.2014.00291/full | H48: excluded | I48: Not authrized & out dated
B49: https://doi.org/10.3233/FAIA231495 | C49: Research on Multimodal Interaction Design Patterns for Visually Impaired People Under Sensory Compensation Theory | D49: 2024 | E49: Sage | F49: https://ebooks.iospress.nl/doi/10.3233/FAIA231495 | H49: Included | I49: This paper is included because it focuses on visually impaired people and investigates how sensory compensation and multimodal interaction can support them in different situations. The paper uses the term visually impaired people broadly; it includes people with visual field disorders, color vision disorders, and people who still have some residual vision but cannot see clearly. It also categorizes their needs into three levels: safety needs, interaction needs, and spiritual needs. | J49: Visually impaired people face several difficulties in accessing information, navigation and travel, object recognition, and spatial perception. Although existing assistive solutions such as tactile flooring and sound guidance systems provide support, the interaction methods still need to be expanded and improved to address different users, needs, and scenarios. | K49: The paper argues that a single-sensory substitution approach is no longer sufficient to meet the diverse needs of visually impaired people across different environments. Each sense provides different and complementary information, so relying only on audio or only on tactile feedback may not be suitable for every situation. Therefore, the proposed solution is a multimodal interaction system based on sensory compensation theory, which combines multiple approaches, such as visual enhancement, auditory compensation, and tactile compensation, according to the user's needs and the interaction scenario. The researchers designed a game-viewing system for visually impaired people, consisting of an application side and a device side. The system supports different functions such as tournament information, navigation, accessible viewing, device connection, object recognition, venue tours, and calling volunteers. They created the interactive interface prototype using Axure RP and tested it on smartphones. The system was tested with 6 visually impaired participants aged 20–40, including 2 blind participants and 4 visually impaired participants. The evaluation focused on user friendliness, effectiveness, fault tolerance, and satisfaction. The results were generally positive: effectiveness scored 4.6/5 and satisfaction scored 4.7/5. However, the researchers found that multiple steps in the interface could cause user errors, so they suggested improvements such as auditory guidance, confirmation pop-ups, and physical differentiation of interface areas. Overall, the proposed design largely met the researchers' expectations.
A50: Habiba | B50: https://doi.org/10.1016/j.actpsy.2019.102950 | C50: Tactile aesthetics: Textures that we like or hate to touch | D50: 2019 | E50: Elsevier | F50: https://www.sciencedirect.com/science/article/abs/pii/S0001691819302008?via%3Dihub | G50: X | H50: Excluded | I50: Excluded Bec the paper focuses on general tactile texture perception, examining how people distinguish between different surface textures and whether they find them pleasant or unpleasant to touch. It is not focused on blind or visually impaired users and does not investigate haptic feedback using active mechanisms such as pressure-based pins to convey information. Therefore, it is outside the scope of our research. | J50: X | K50: X
B51: https://doi.org/10.3389/fnhum.2014.00291 | C51: Successful tactile based visual sensory substitution use functions independently of visual pathway integrity | D51: 2014 | E51: Frontiers in Human Neuroscience | F51: https://www.frontiersin.org/journals/human-neuroscience/articles/10.3389/fnhum.2014.00291/full | G51: X | H51: Excluded | I51: This paper is excluded because it does not meet the required publisher criteria. | J51: X | K51: X
B52: https://doi.org/10.1007/s10846-023-01824-3 | C52: Haptic Feedback Remote Control System for Electric Mechanical Assembly Vehicle Developed to Avoid Obstacles | D52: 2023 | E52: Springer Nature | F52: https://link.springer.com/article/10.1007/s10846-023-01824-3 | G52: X | H52: Excluded | I52: Excluded although the study uses LiDAR and haptic feedback to convey obstacle-distance information, it focuses on remote vehicle control and obstacle avoidance rather than assistive technology for blind or visually impaired people. | J52: X | K52: X
B53: 10.1109/TVCG.2021.3136214 | C53: HaptoMapping: Visuo-Haptic Augmented Reality by Embedding User-Imperceptible Tactile Display Control Signals in a Projected Image | D53: 2022 | E53: IEEE | F53: https://www.researchgate.net/publication/357424856_HaptoMapping_Visuo-Haptic_Augmented_Reality_by_Embedding_User-Imperceptible_Tactile_Display_Control_Signals_in_a_Projected_Image | G53: X | H53: Excluded | I53: excluded Bec focuses on visuo-haptic augmented reality, texture presentation, and social touch rather than assistive technology for blind or visually impaired people. | J53: X | K53: X
B54: 10.1109/EMBC.2013.6610223 | C54: A tactile vision substitution system for the study of active sensing | D54: 2013 | E54: IEEE | F54: https://ieeexplore.ieee.org/document/6610223 | H54: Included | I54: Included because it focuses on assisting blind and visually impaired people by converting visual information into tactile stimulation. The proposed TVSS allows users to explore surrounding objects through touch instead of vision and supports object recognition and environmental exploration. It is particularly relevant to sensory substitution because it presents a practical implementation of visual-to-tactile substitution and investigates how blind users actively explore their surroundings using tactile feedback. | J54: Traditional Tactile Vision Substitution Systems (TVSS) have limited tactile resolution compared with the large amount of information contained in visual images. Therefore, visual information cannot be directly transferred to the tactile device without processing and reducing its resolution. Traditional systems can also suffer from problems such as light reflection, noise, texture artifacts, and loss of object features. Moreover, because tactile resolution is limited, users need to actively move the camera to explore objects, making it important to understand their active sensing strategies | K54: The researchers developed an improved Tactile Vision Substitution System (TVSS) that converts visual information captured by a camera into simplified tactile information that can be perceived through the fingers. The proposed system contains two main subsystems: 1. Image Processing Subsystem: reduces the resolution of camera images while preserving important object features and converts them into binary images suitable for the tactile stimulation device. 2. Trajectory Tracking Subsystem: tracks the movement of the active camera while the user explores objects, allowing researchers to analyze the user's active sensing strategy.
B55: https://doi.org/10.1177/10711813251360704 | C55: The Multimodal Exhibition: Tangible Interactions for People With Visual Impairments | D55: 2025 | E55: Sage | F55: https://journals.sagepub.com/doi/10.1177/10711813251360704
B56: 10.1016/j.ijhcs.2007.08.001 | C56: Haptic-feedback support for cognitive mapping of unknown spaces by people who are blind | D56: 2008 | E56: Elsevier | F56: linkinghub.elsevier.com/retrieve/pii/S1071581907001012
B57: https://doi.org/10.1186/s41235-020-00240-7 | C57: Multisensory inclusive design with sensory substitution | D57: 2020 | E57: Springer Nature | F57: https://link.springer.com/article/10.1186/s41235-020-00240-7
B58: https://doi.org/10.1177/1460458222111260 | C58: Multi-obstacle aware smart navigation system for visually impaired people in fog connected IoT-cloud environment | D58: 2022 | E58: Sage | F58: https://journals.sagepub.com/doi/10.1177/14604582221112609
B59: https://doi.org/10.1080/17483107.2025.2463541 | C59: Multi-faceted sensory substitution using wearable technology for curb alerting: a pilot investigation with persons with blindness and low vision | D59: 2025 | E59: Taylor & Francis | F59: https://www.tandfonline.com/doi/full/10.1080/17483107.2025.2463541 | G59: X | H59: Excluded | I59: This paper is excluded because it does not meet the required publisher criteria. | J59: X | K59: X
B60: https://dx.doi.org/10.1109/ACCESS.2024.3419102 | C60: Impact of Device and Environment on Visual-Auditory Sensory Substitution: A Comprehensive Behavioral Analysis Using the vOICe Algorithm | D60: 2024 | E60: IEEE | F60: https://ieeexplore.ieee.org/document/10571914/
B61: 10.3233/RNN-221279 | C61: Sensory augmentation for a rapid motor task in a multisensory environment | D61: 2023 | E61: Sage | F61: https://journals.sagepub.com/doi/10.3233/RNN-221279 | G61: Use sensory substitution and augmentation systems (SSASys) to enhance human perceptual abilities by translating information about the world into a new format Development in sensors and wearable devices to replace the sense of sight with hearing. SSASys can augment and coordinate with existing sensorimotor skills rather than being limited to replacement use cases | H61: included | I61: related to sensor substitution | J61: it could be that the systems that control rapid and accurate hand movement are not easily penetrable by a SSASy. Findings from interception tasks already suggest a complex and subtle interplay between vision, planning, interoception, and the muscular-skeletal system | K61: we asked healthy sighted participants to play a stripped-down version of air hockey in an immersive virtual environment. It involved hitting a rapidly oncoming puck before it hit the closest edge of the virtual table, similar to previous manual interception tasks
A62: Hend | B62: 10.1016/j.neubiorev.2007.05.010 | C62: What neuroimaging tells us about sensory substitution | D62: 2007 | E62: Elsevier | F62: https://www.sciencedirect.com/science/article/abs/pii/S0149763407000668?via%3Dihub | H62: Excluded
B63: 10.1109/TCE.2024.3366763 | C63: ODD-M3D: Object-Wise Dense Depth Estimation for Monocular 3-D Object Detection | D63: 2024 | E63: IEEE | F63: https://ieeexplore.ieee.org/document/10438849 | G63: we create a sampling space and obtain the ground truth by moving them from the sampling space to the object space | H63: included | I63: Depth Estimation for Monocular 3-D Object Detection | J63: estimating depth from a single 2D image remains challenging due to the typical ill-posed nature of the problem | K63: we propose a new method that improves depth estimation accuracy by randomly sampling object-wise points instead of relying on a single center point,
B64: 10.1177/20556683251316305 | C64: The development of a wearable goggle echolocation device to support people who are visually impaired with unhindered and unaided movement | D64: January 23, 2025 | E64: Sage | F64: https://journals.sagepub.com/doi/10.1177/20556683251316305 | G64: The wearable echolocation device was developed using three ultrasonic sensors, one placed in the right, left, and middle of the goggle with each connected to a buzzer | H64: included (IMPORTANT)
C65: EMPOWERING VISUALLY IMPAIRED INDIVIDUALS WITH HOLISTIC ASSISTANCE USING REAL-TIME SPATIAL AWARENESS SYSTEM | D65: 45413 | H65: Excluded | I65: unknown
C66: Computer Vision for Assistive Technologies: Enhancing Environmental Perception for the Visually Impaired | D66: 45778 | H66: Excluded | I66: unknown
B67: https://doi.org/10.1016/j.heliyon.2024.e31825 | C67: A comprehensive review of navigation systems for visually impaired individuals | D67: 45458 | E67: heliyon | F67: https://www.cell.com/heliyon/fulltext/S2405-8440(24)07856-3?_returnURL=https%3A%2F%2Flinkinghub.elsevier.com%2Fretrieve%2Fpii%2FS2405844024078563%3Fshowall%3Dtrue | H67: Excluded | I67: unknown
C68: Recruitment of Occipital Cortex during Sensory Substitution Training Linked to Subjective Experience of Seeing in People with Blindness | D68: 40765 | E68: plos one | H68: Excluded | I68: unknown
E69: mdpi | H69: Excluded | I69: unknown
H70: Excluded | I70: unknown
H71: Excluded | I71: unknown
H72: Excluded | I72: unknown
B73: 10.1007/s12559-026-10547-0 | C73: Multi-modal Zebra Crossing Detection Framework for Visually Impaired Navigation | D73: 2026 | E73: Springer | F73: https://link.springer.com/article/10.1007/s12559-026-10547-0 | G73: YOLOv11 - Hough Line Transform (HLT) - Haze U-Net + LeNet-MFCN - CNN + Cross-Attention - Text-to-Speech (TTS) | H73: Included | I73: The AI-powered navigation system detects pedestrian crossings, traffic signals, and obstacles, assisting the blind and visually impaired. This is linked to the "Super Brain" initiative, which focuses on technologies that ensure highly safe navigation. | J73: Blind individuals face challenges such as the high cost of assistive technologies, limited datasets, overfitting, and poor detection in low-light conditions, fog, and complex traffic situations. | K73: MZCDFVIN + YOLOv11 + HLT + CNN + Haze U-Net + LeNet + SROA for real-time detection and navigation assistance.
A74: mostafa | B74: 10.1007/s12193-025-00463-2 | C74: Haptic and auditory cues: a study on independent navigation for visually impaired individuals | D74: 2025 | E74: Springer | F74: https://link.springer.com/article/10.1007/s12193-025-00463-2 | G74: Intel RealSense D435i stereo vision camera - Depth-map processing & obstacle detection - Odroid-N2 single-board computer - Wearable haptic belt with - 22 vibrating actuators - Auditory feedback / speakers - Bluetooth | H74: Included | I74: Paper is developing a wearable device that utilizes haptic and auditory signals to help the blind and visually impaired move around freely. This initiative is linked to the Super Brain project, as it focuses on leveraging technology to assist individuals with visual impairments. | J74: Current assistive navigation systems struggle to convert visual information into tactile or auditory information in a way that is easy to understand. | K74: Stereo vision + depth processing + haptic belt + auditory feedback + user-controlled operating modes.
B75: 10.1007/s12193-024-00447-8 | C75: The effects of haptic, visual and olfactory augmentations on food consumed while wearing an extended reality headset | D75: 2024 | E75: Springer | F75: https://link.springer.com/article/10.1007/s12193-024-00447-8 | G75: Varjo XR-3 extended reality headset - QR-code tracking cube - Electromagnetic actuators - Arduino control system - Olfactory necklace display - Air compressor + odor bottles | H75: Included | I75: Paper employs haptic, visual, and olfactory feedback delivered via an extended reality headset to alter how people perceive food. this is linked to the Super Brain concept, as it utilizes sensory-based technology to modify human sensory perception. | J75: Plant-based foods can be healthier and more sustainable, but they may not provide the same pleasant eating experience people expect from conventional foods. | K75: A multisensory XR system combining visual + haptic + olfactory augmentation.
B76: 10.1007/s12193-023-00427-4 | C76: Review of substitutive assistive tools and technologies for people with visual impairments: recent advancements and prospects | D76: 2023 | E76: Springer | F76: https://link.springer.com/article/10.1007/s12193-023-00427-4 | G76: Electronic Travel Aids (ETAs) - Sensory substitution devices - Computer vision systems - Wearable haptic devices - Audio-based navigation systems - AI and machine learning | H76: Included | I76: The paper explores assistive and sensory-based technologies designed for the blind and visually impaired including visual, auditory, and tactile systems. This ties into the Super Brain concept, as it involves technologies that compensate for the sense of sight or support it by utilizing other sensory inputs. | J76: There are various technologies designed primarily to assist visually impaired individuals with their work, but they suffer from issues regarding ease of use and ease of learning. | K76: User-centered + multimodal assistive technology, with visually impaired users involved throughout design and testing.
B77: 10.1007/s12193-021-00376-w | C77: SoundSight: a mobile sensory substitution device that sonifies colour, distance, and temperature | D77: 2021 | E77: Springer | F77: https://link.springer.com/article/10.1007/s12193-021-00376-w | G77: Mobile sensory substitution device - Colour sensor - Distance sensor - Temperature sensor - Sonification system - Headphones | H77: Included | I77: The video showcases a device called SoundSight, designed for sensory substitution. it converts color, distance, and temperature into sounds to assist visually impaired users. This is naturally linked to the Super Brain concept, as it relies on alternative sensory inputs to help users understand their surroundings. | J77: It is difficult to rely on current sensory substitution devices in the long term due to their high cost and the difficulty of learning how to use them. | K77: SoundSight converts visual/depth/thermal information into real-time sounds using a smartphone and different sensors
B78: 10.1007/s11042-026-21198-6 | C78: BLE and surveillance camera-based navigation system for visually impaired people | D78: 2026 | E78: Springer | F78: https://link.springer.com/article/10.1007/s11042-026-21198-6 | G78: BLE (Bluetooth Low Energy) - Surveillance cameras - Computer vision - AI-based object/obstacle detection - Navigation system | H78: Included | I78: Paper is developing a navigation system for the blind and visually impaired that utilizes BLE, surveillance cameras, and AI to detect obstacles. This initiative is linked to the Super Brain project, as it provides assistive navigation technology for users such as the blind and those with low vision.
B79: 10.1007/s11042-026-21158-0 | C79: Enhancing the experience of film with a wearable tactile/ haptic suit | D79: 2026 | E79: Springer | F79: https://link.springer.com/article/10.1007/s11042-026-21158-0 | G79: Wearable Bubble Suit - Pressure-based Haptic Feedback - Arduino control system - Air Pump - PVC Air Bubbles - Silicone Air Tubes - Noise-cancelling headphones | H79: ُExcluded
B80: 10.1007/s00530-025-02139-z | C80: Assisting blind people with AI and audio using smart glasses: system design with YOLOv8 variants comparisons | D80: 2026 | E80: Springer | F80: https://link.springer.com/article/10.1007/s00530-025-02139-z | G80: Vuzix Blade 2 Smart Glasses - YOLOv8 - Simple Online and Realtime Tracking - Distance Estimation - Azure AI Vision / OCR - Microsoft Cognitive Speech Service - TensorFlow Lite - OpenCV - WebSocket - Unity | H80: Included | I80: Paper is developing AI-powered smart glasses that feature object detection, optical character recognition (OCR), and audio feedback to help the blind navigate safely. This initiative is linked to the Super Brain concept, as it combines AI with sensory assistance to support users with visual impairments.
B81: 10.1007/s00221-026-07309-7 | C81: Agents’ awareness of visuo-motor incongruency determines changes in haptic sensitivity | D81: 2026 | E81: Springer | F81: https://link.springer.com/article/10.1007/s00221-026-07309-7 | G81: Robotic manipulandum - Visual feedback system - Haptic stimulation - Visuo-motor perturbation - Force/position sensors | H81: included | I81: The paper examines how individuals awareness of visual and motor changes affects tactile sensitivity.
B82: 10.1007/s00221-021-06181-x | C82: Tactile spatial discrimination on the torso using vibrotactile and force stimulation | D82: 2021 | E82: Springer | F82: https://link.springer.com/article/10.1007/s00221-021-06181-x | G82: Vibrotactile actuators - Force-feedback actuators - Wearable tactile vest - Vibrotactile stimulation system - Force stimulation system | H82: ُExcluded | I82: The paper discusses vibration and pressure stimulation using haptic vests capable of covering the torso.
B83: 10.1016/j.brainres.2015.06.033 | C83: The role of visual deprivation and experience on the performance of sensory substitution devices | D83: 2015 | E83: Elsevier | F83: https://www.sciencedirect.com/science/article/abs/pii/S0006899315005156?via%3Dihub | G83: Vibrotactile technology - Force-feedback technology | H83: Included | I83: The paper discusses sensory substitution devices and how the visual experience influences their performance. This study offers a significant advantage the concept of a super brain as it involves specific technologies that enable users to process information through alternative sensory inputs. | J83: People who use sensory substitution devices often require a significant amount of training to understand the alternative sensory information. | K83: The solution lies in intensive training and experience two important elements for improving performance.
B85: https://doi.org/10.1186/s12984-021-00935-y | C85: Enabling visually impaired people to learn three‐dimensional tactile graphics with a 3DOF haptic mouse | D85: 2021 | E85: Springer | F85: https://link.springer.com/article/10.1186/s12984-021-00935-y | G85: The TActile MOuse 3 (TAMO3) - Haptic Sensory Substituion | H85: included | I85: this paper presents a novel sensory substitution system that enables to learn three dimensional digital information via touch when vision is unavailable. | J85: three dimensional digital information is difficult to see and visually impaired people can't see it | K85: A mouse-shaped device, designed to jointly perceive, with one finger only, local tactile height and inclination cues of arbitrary scalar fields.
A86: Farah | B86: https://doi.org/10.3758/s13414-024-02959-7 | C86: Viewed touch influences tactile detection by altering decision criterion | D86: 2024 | E86: Springer | F86: https://link.springer.com/article/10.3758/s13414-024-02959-7 | G86: Vicarious Tactile activation - Tactile perception - Visual information | H86: included | I86: this paper discusses the tactile perception when people see visual information | J86: to know if visual information enhances tactile perception or it enhances the decision making | K86: These findings suggest that viewing touch influences tactile performance by altering tactile decision mechanisms rather than the tactile perceptual signal
B87: 10.1186/s40580-026-00552-2 | C87: Advances in neuroprostheses: interfaces, materials, and applications | D87: 2026 | E87: Springer | F87: https://link.springer.com/article/10.1186/s40580-026-00552-2 | G87: Nanotechnology - neuroprostheses | H87: included | I87: This review examines the critical role of nanotechnology in building high performance neuroprostheses across six key classes: motor, visual, tactile, language, memory and olfactory | J87: Biological systems struggle to communicate with electronic systems due to a mismatch at the neural interface. | K87: using nanotechnology
