Workbook
Name B111D111: Fathy!$C$111:$C$111
Name F100H100: Fathy!$G$100:$G$100
Name F101H101: Fathy!$G$101:$G$101
Name F102H102: Fathy!$G$102:$G$102
Name F98H98: Fathy!$G$98:$G$98
Name F99H99: Fathy!$G$99:$G$99
Name H110J110: Fathy!$I$110:$I$110
Name H111J111: Fathy!$I$111:$I$111
Name L100B101: Fathy!$A$98:$A$109
Name L101B102: Fathy!$A$98:$A$109
Name L102B103: Fathy!$A$98:$A$109
Name L104B105: Fathy!$A$98:$A$109
Name L99B100: Fathy!$A$98:$A$109

Sheet Main 
B1: Paper's DOI | C1: Title | D1: Publication Year | E1: Publisher | F1: paper URL | G1: Technology | H1: Included or Excluded | I1: Reason for inclusivity | J1: Problem | K1: Solution | L1: Main Tags | M1: Another Tags | N1: Column1 | O1: Column2 | P1: Numbering for ref
A2: David | B2: 10.1016/j.bcp.2025.116272 | C2: A quantitative assessment of EOG eye tracking during free viewing in sighted and in congenitally blind | D2: 2025 | E2: Elsevier | F2: https://www.sciencedirect.com/science/article/pii/S0006899325003555?via%3Dihub | G2: Electrooculography (EOG) Video-Based Eye Tracking SMI Eye-Tracking Glasses Smarting Mobile EEG g.HIamp Amplifier BioSemi EEG vEOG / hEOG Blink Detection Saccade Detection The vOICe | H2: included | J2: Limited exploration of EOG in naturalistic/free-viewing conditions Video-based tracking can fail in blind individuals due to pupil abnormalities or eyelid control Need to detect eye movements without visual fixation | K2: EOG-based detection of blinks and saccades Comparison with video-based eye tracking Testing under light, darkness, eyes-closed, and congenital blindness Demonstrated that EOG can detect eye movements in blind participants | L2: #AI | M2: #assistive-technology, #edge-ai, #embedded-systems, #wearable-tech, #computer-vision, #internet-of-things, #IoMT, #visual-impairment, #real-time-inference, #microcontroller, #ESP32, #RaspberryPi, #STM32, #accessibility, #haptic-feedback, #sensory-substitution, #obstacle-detection, #AI #computer-vision | P2: 1
B3: 10.1016/j.neuroimage.2025.121652 | C3: Long-term visual-to-tactile stimulation induces functional reorganization of thalamic pathways to achieve visual perception | D3: 2025 | E3: Elsevier | F3: https://www.sciencedirect.com/science/article/pii/S105381192500655X?via%3Dihub | G3: Sensory Substitution Device (SSD) Visual-to-Tactile Conversion Tactile Stimulation Resting-State fMRI Functional Connectivity Analysis Thalamic/Occipital Brain Imaging | H3: included | J3: Limited understanding of how long-term tactile sensory substitution produces visual perception. Unclear how the brain reorganizes its pathways during prolonged SSD use. | K3: Long-term visual-to-tactile stimulation/training. Investigation of changes in thalamic–occipital connectivity to understand the neural mechanism. | P3: 2
B4: 10.1016/j.neuroimage.2021.118029 | C4: Topographic maps and neural tuning for sensory substitution dimensions learned in adulthood in a congenital blind subject | D4: 2021 | E4: Elsevier | F4: https://www.sciencedirect.com/science/article/pii/S1053811921003062?via%3Dihub | G4: Auditory Sensory Substitution Device 2D Auditory Soundscape Pitch Encoding Temporal Encoding Population Receptive Field Mapping fMRI | H4: included | J4: How the adult brain represents newly learned sensory dimensions in a person who is congenitally blind. | K4: Convert spatial information into auditory dimensions. Train the participant to interpret the auditory representation. Analyze the resulting neural maps and tuning. | P4: 3
B5: 10.1016/j.neuroimage.2024.120621 | C5: Visual Mental Imagery and Neural Dynamics of Sensory Substitution in the Blindfolded Subjects | D5: 2024 | E5: Elsevier | F5: https://www.sciencedirect.com/science/article/pii/S1053811924001162?via%3Dihub | G5: Auditory Sensory Substitution Visual-to-Auditory Encoding Soundscape Stimuli Functional MRI Dynamic Causal Modeling (DCM) Visual Mental Imagery | H5: included | J5: How sensory-substitution information is processed by the brain. Whether auditory sensory substitution can engage visual mental imagery. | K5: Train subjects to interpret auditory representations of visual shapes. Use neuroimaging and DCM to analyze the resulting brain-network dynamics. | P5: 4
B6: 10.1177/0145482X19842491 | C6: A Haptic Navigation Aid for Individuals with Visual Impairments: Indoor and Outdoor Feasibility Evaluations of the LaserNavigator | D6: 2019 | E6: SAGE Publications | F6: https://journals.sagepub.com/doi/10.1177/0145482X19842491 | G6: Laser Rangefinder Haptic Feedback Vibrating Actuator Handheld Device Virtual White Cane Variable Virtual Cane Length | H6: included | J6: Conventional white canes have a limited detection range. | K6: Use a laser rangefinder to detect objects beyond normal cane range. Convert measured distance into haptic feedback. | P6: 5
B7: 10.5220/0006617505550562 | C7: Wearable RGB Camera-based Navigation System for the Visually Impaired | D7: 2018 | E7: SciTePress | F7: https://www.scitepress.org/PublishedPapers/2018/66175/ | H7: Excluded | I7: Published by SciTePress | P7: 6
B8: 10.1609/aaai.v37i2.25233 | C8: BEVDepth: Acquisition of Reliable Depth for Multi-View 3D Object Detection | D8: 2023 | E8: AAAI | F8: https://ojs.aaai.org/index.php/AAAI/article/view/25233 | H8: Excluded | I8: Because it falls in a different feild of study and is published by AAAI | P8: 7
B9: 10.1109/EMBC.2013.6611022 | C9: Electrotactile vision substitution for 3D trajectory following | D9: 2013 | E9: IEEE | F9: https://ieeexplore.ieee.org/document/6611022 | H9: Excluded | I9: Published in 2013 and The linked IEEE document does not appear to correspond to the assistive-vision/navigation research needed for your review | P9: 8
B10: 10.1109/EIT51626.2021.9491913 | C10: Visually Impaired Indoor Navigation using YOLO Based Object Recognition, Monocular Depth Estimation and Binaural Sounds | D10: 2021 | E10: IEEE | F10: https://ieeexplore.ieee.org/document/9491913 | G10: Monocular RGB Camera Deep Learning ResNet-50 Backbone Encoder–Decoder Network YOLOv8 Object Detection Monocular Depth Estimation Object Distance Estimation D-Far250 Dataset KITTI Dataset Binaural/Spatial Audio HRTF | H10: included | J10: Difficulty detecting objects and understanding their distance and spatial position during indoor navigation. | K10: YOLO detects objects. Monocular depth estimation estimates object distance. Spatial information is converted into binaural audio. Audio provides directional and distance information to the user. | P10: 9
B11: 10.1109/TITS.2022.3161141 | C11: Trans4Trans: Efficient Transformer for Transparent Object and Semantic Scene Segmentation in Real-World Navigation Assistance | D11: 2021 | E11: arXiv | F11: https://ieeexplore.ieee.org/document/9743965 | G11: RGB-D Camera Portable GPU Trans4Trans Transformer Transformer Parsing Module (TPM) Semantic Segmentation Transparent Object Segmentation Depth Information Bone-Conduction Earphone | H11: included | J11: Transparent objects such as glass doors and glass walls can be incorrectly interpreted as free/walkable space. | K11: Detect transparent objects separately. Combine transparent-object segmentation with semantic segmentation and depth information. Provide navigation feedback to the visually impaired user. | P11: 10
B12: 10.1109/TOH.2021.3138590 | C12: In-Device Feedback in Immersive Head-Mounted Displays for Distance Perception During Teleoperation of Unmanned Ground Vehicles | D12: 2022 | E12: arXiv | F12: https://ieeexplore.ieee.org/document/9664257 | H12: Excluded | I12: Different feild of study (The actual application is remote control of unmanned ground vehicles0 | P12: 11
B13: 10.48550/arXiv.2201.04453 | C13: Obstacle Avoidance for Blind People Using a 3D Camera and a Haptic Feedback Sleeve | D13: 2022 | E13: arXiv / CoRR | F13: https://arxiv.org/abs/2201.04453 | G13: Intel RealSense D415 3D Camera 3D Point Cloud Depth Mapping AAEON Up Board 5×5 Haptic Feedback Sleeve Vibration Motor Array Spatial Depth-to-Haptic Mapping 3D-Printed Glasses | H13: included | J13: Limited obstacle detection range using conventional aids. Difficulty providing multidimensional information about obstacles. Some existing approaches depend on lighting conditions. | K13: Capture 3D depth information using the RealSense camera. Convert the depth map into a 5×5 spatial representation. Map each region to a corresponding vibration motor. Use vibration intensity to communicate obstacle distance. | P13: 12
A14: salma | B14: 10.1080/23311916.2025.2560974 | C14: An assistive haptic-based obstacle avoidance system for individuals with profound visual impairment | D14: 2025 | E14: Taylor & Francis | F14: https://www.tandfonline.com/doi/full/10.1080/23311916.2025.2560974 | G14: X | H14: Excluded | I14: because paper published by taylor that not included in our scope | J14: X | K14: X
B15: https://doi.org/10.1002/aisy.70450Digital Object Identifier (DOI) | C15: Enhanced Monocular Depth Estimation Using ResNet Backbone and Multiscale Feature Decoding for Precise Object Distance Measurement | D15: 2026 | E15: Wiley | F15: https://advanced.onlinelibrary.wiley.com/doi/10.1002/aisy.70450 | G15: ResNet-18, YOLOv8, Deep Learning, CNN, Multiscale Feature Decoding, 16-bit Depth Maps | H15: included | J15: Inaccurate long-range distance estimation from a single camera image; existing methods have limited range and high hardware costs. | K15: ResNet-18 encoder-decoder with multiscale supervision, integrated with YOLOv8 for object detection and distance estimation up to 250 m.
B16: https://doi.org/10.1145/3663547.374633 | C16: Tactile Data Comics: Combining Step-by-step Presentation of Tactile Graphics with Verbal Narration for the Blind and Visually Impaired | E16: ACM | F16: https://dl.acm.org/doi/10.1145/3663547.3746338 | H16: Excluded
C17: Sight Guide: A Wearable Assistive Perception and Navigation System for the Vision Assistance Race in the Cybathlon 2024 | D17: 2025 | E17: Arixiv | H17: Excluded
B18: 10.1109/ICRA40945.2020.9196782 | C18: A Visual Positioning System for Indoor Blind Navigation | D18: 2020 | E18: IEEE | F18: https://www.researchgate.net/publication/339725908_A_Visual_Positioning_System_for_Indoor_Blind_Navigation | G18: RGB-D Camera, IMU, Visual-Inertial Odometry (DVIO), Particle Filter Localization (PFL), ROS, SLAM | H18: included | J18: Existing indoor navigation systems struggle in textureless environments and often require powerful external computers. | K18: Combines depth-enhanced visual-inertial odometry with particle-filter localization for indoor positioning, path planning, and obstacle avoidance.
B19: 10.1109/ACCESS.2023.3244073 | C19: A Survey on Outdoor Navigation Applications for People With Visual Impairments | D19: 2023 | E19: IEEE | F19: https://ieeexplore.ieee.org/document/10041898 | G19: Deep Learning Computer Vision GPS Localization Sensory Substitution Devices Geographic Information Systems | H19: included | J19: Existing navigation apps lack critical accessibility and hazard information, causing frequent injuries and low independence for visually impaired pedestrians. | K19: A four-phase assistive navigation framework that plans and guides routes based on safety, controlled intersections, and obstacle avoidance instead of distance.
B20: https://doi.org/10.1016/j.eswa.2023.121065 | C20: A data fusion framework based on heterogeneous information network embedding for trigger-action programming in IoT | D20: 2023 | E20: Elsevier | F20: https://www.sciencedirect.com/science/article/abs/pii/S0957417423015671?via%3Dihub | G20: Heterogeneous Information Networks Graph Representation Learning Metagraph-Guided Random Walk Natural Language Processing Multi-Label Classification | H20: included | J20: Manual creation of IoT trigger-action rules is impractical due to exponential device combinations, and existing methods fail to bridge semantics between user descriptions and device interactions. | K20: A data fusion framework named TAPFuser that maps natural language demands to IoT recipes using heterogeneous network embedding and metagraph-guided random walks.
B21: https://doi.org/10.48550/arXiv.2511.10026 | C21: Grating haptic perception through touchscreen: Sighted vs. Visually Impaired | D21: 2026 | E21: arXiv | F21: https://arxiv.org/abs/2511.10026v3 | G21: X | H21: Excluded | I21: because paper published by arix that not included in our scope | J21: X | K21: X
B22: https://doi.org/10.1007/s42486-023-00136-7 | C22: A smart obstacle avoiding technology based on depth camera for blind and visually impaired people (Regular Paper) | D22: 2023 | E22: Springer | F22: https://link.springer.com/article/10.1007/s42486-023-00136-7 | G22: Point Cloud Processing Depthwise Separable Convolution 3D Object Detection Attention Mechanism Edge Computing | H22: included | J22: Existing 3D obstacle detection models are too computationally heavy and power-intensive for real-time execution on low-cost wearable edge devices for visually impaired pedestrians. | K22: A lightweight 3D obstacle detection network called L-PointPillars deployed on a wearable edge device to provide real-time audio warnings with significantly reduced parameters.
B23: 10.1177/20552076251408522 | C23: Sensory-driven micro-interventions for improved health and wellbeing(Commentary) | D23: 2025 | E23: Sage | F23: https://journals.sagepub.com/doi/10.1177/20552076251408522 | G23: Wearable Sensors Internet of Things Machine Learning Sensory Substitution Systems Digital Olfactory Interfaces | H23: included | J23: Age- and disease-related sensory decline often goes undetected until late stages, lacking proactive and personalized interventions in daily life. | K23: A digital healthcare paradigm of sensory-driven micro-interventions that tracks sensory changes through daily technology interactions and delivers timely, personalized sensory stimulation.
B24: https://doi.org/10.1038/s41928-023-01074-z | C24: A skin-integrated multimodal haptic interface for immersive tactile feedback | D24: 2023 | E24: Nature | F24: https://www.nature.com/articles/s41928-023-01074-z | G24: Multimodal Haptic Feedback, Mechanical Actuators, Electrotactile Stimulation, Thermoelectric Actuators, BLE, VR | H24: included | J24: Wearable haptic devices provide limited feedback, mainly simple vibration and single tactile sensations. | K24: Skin-integrated multimodal interface combining thermal, mechanical and electrotactile feedback to reproduce diverse tactile sensations.
B25: https://doi.org/10.1145/3517428.3544797 | C25: Animations at Your Fingertips: Using a Refreshable Tactile Display to Convey Motion Graphics for People who are Blind or have Low Vision | D25: 2022 | E25: ACM | F25: https://dl.acm.org/doi/10.1145/3517428.354479 | H25: Excluded
A26: Taha | B26: 10.3233/APC210058 | C26: A Robotic Assisted System Using Deep Learning for Navigation and Reading IoT Based Home Automation for Visually Impaired | D26: 2021 | E26: IOS Press | F26: https://ebooks.iospress.nl/doi/10.3233/APC210058 | G26: X | H26: Excluded | I26: because paper published by IOS press that not included in our scope | J26: X | K26: X | P26: 25
B27: 10.1196/annals.1305.006 | C27: Tactile Sensory Substitution Studies | D27: 2004 | E27: Wiley | F27: https://nyaspubs.onlinelibrary.wiley.com/doi/epdf/10.1196/annals.1305.006 | G27: camera - Sensory Substitution - Tongue Electrotactile Interface - Vibrotactile Stimulation | H27: included | I27: The paper is included because it helps blind users by explaining sensory substitution by info from camera converted into tactile information that brain can learn to understand | J27: problem is to how to provide a visiual info to blind peoples by using tactile stimulation the chalenge is to create an effective brain -machine interface(BMI) | K27: the paper uses: 1-sensory substitution system : converts visual info from a camera into tactile (electrotactile stimulation) 2-stimulation is delivered through tactile arrays 3-electrotactile interface on the tongue 4-allow brain to learn and interpert the info | P27: 26
B28: 10.1016/j.asej.2023.102387 | C28: An effective obstacle detection system using deep learning advantages to aid blind and visually impaired navigation | D28: 2024 | E28: Elsevier | F28: https://www.sciencedirect.com/science/article/pii/S2090447923002769?via%3Dihub | G28: Deep Learning Modified YOLOv5 Computer Vision Obstacle/Object Detection Indoor & Outdoor Environment Model optimization for deployment on embedded devices | H28: included | I28: Paper focus on obstacle detection for blind using YOLOv5 model it cover indoor andoutdoor objects and uses optimization method to make model lightweight | J28: Blind and visually impaired people have difficulty detecting obstacles and navigating safely in their surroundings. | K28: The paper proposes a modified YOLOv5-based obstacle detection system to detect objects/obstacles and provide information that can assist blind and visually impaired users during navigation | P28: 27
B29: 10.1109/JAS.2021.1004084 | C29: An RGB-D Camera Based Visual Positioning System for Assistive Navigation by a Robotic Navigation Aid | D29: 2021 | E29: IEEE | F29: https://www.ieee-jas.net/article/doi/10.1109/JAS.2021.1004084?pageType=en | G29: RGB-D Camera IMU Visual-Inertial Odometry (VIO) 6-DOF Pose Estimation Particle Filter Localization Indoor CAD/Floor Plans Path Planning & Obstacle Avoidance Real-time processing | H29: Included | I29: Because it focuses on assistiv navigation for impaired users and combine computer vision with RGB and real time navigation | J29: blind people need reliable navigation assistance in large indoor environments Existing mobility tools such as white canes and guide dogs do not provide electronic localization/navigation information | K29: The paper develops a real-time visual positioning system for a robotic navigation aid. It combines an RGB-D camera + IMU to estimate the device's 6-DOF pose, then uses a particle filter and indoor CAD floor-plan information to reduce localization error and support wayfinding | P29: 28
C30: duplicated | H30: Excluded | P30: 29
B31: X | C31: X | D31: X | E31: Taylor & Francis | F31: https://www.tandfonline.com/doi/epdf/10.1080/23311916.2025.2560974?needAccess=true | G31: X | H31: Excluded | I31: because paper published by taylor press that not included in our scope | J31: X | K31: X | P31: 30
B32: 10.1177/20552076251408522 | C32: Sensory-driven micro-interventions for improved health and wellbeing | D32: 2025 | E32: Sage | F32: https://journals.sagepub.com/home/dhj | G32: AI / Machine Learning IoT Wearable sensors Sensory devices & interfaces Real-time data collection and processing Sensory substitution Vibrotactile / haptic feedback Smartphones and connected devices Embedded sensors | H32: included | I32: included because paper support sensory substituation and hapitic feedback concept of super Brain it discusses technologies that convert environmental/visual information into tactile feedback for visually impaired users | J32: sensory technologies work separately there no simple system for continuously monitoring sensory changes and providing personalized help when needed | K32: The paper proposes using AI IoT wearable sensors and sensory devices to monitor sensory changes and provide personalized sensory training | P32: 31
B33: 10.1007/s42486-023-00136-7 | C33: A smart obstacle avoiding technology based on depth camera for blind and visually impaired people | D33: 2023 | E33: Springer Nature | F33: https://link.springer.com/article/10.1007/s42486-023-00136-7? | G33: Depth/RGB-D Camera — Intel RealSense D435i 3D Point Cloud L-PointPillars Deep Learning / Neural Network Depthwise Separable Convolution Attention Mechanism NVIDIA Jetson Xavier NX PyTorch + Python Text-to-Speech (TTS) Audio Feedback | H33: included | I33: Included because it uses a depth camera and AI-based obstacle detection to help blind and visually impaired people navigate safely outdoors | J33: impaired people difficult detecting and avoiding obstacles when traveling outdoors. Existing assistive devices have limited detection range and limited computing power | K33: The paper proposes a wearable system that uses a depth camera and L-PointPillars to detect obstacles in real time and gives audio information about the obstacle and its distance | P33: 32
B34: 10.1016/j.eswa.2023.121065 | C34: A data fusion framework based on heterogeneous information network embedding for trigger-action programming in IoT | D34: 2023 | E34: Elsevier | F34: https://www.sciencedirect.com/science/article/abs/pii/S0957417423015671?via%3Dihub | G34: IoT Artificial Intelligence of Things (NLP) Heterogeneous Information Network HIN Embedding Metagraph-guided Random Walk Skip-gram Multi-label Classification | H34: included | I34: there are too many trigger-action combinations that is difficult and time-consuming for users to create IoT recipes manually | K34: The paper proposes TAPFuser an IoT framework that uses NLP and HIN embedding to understand natural-language requests and automatically recommend suitable trigger-action recipe | P34: 33
B35: 10.1038/s41928-023-01074-z | C35: A skin-integrated multimodal haptic interface for immersive tactile feedback | D35: 2023 | E35: Nature | H35: included | J35: X | K35: X | P35: 34
B36: 10.1002/aisy.70450 | C36: Enhanced Monocular Depth Estimation Using ResNet Backbone and Multiscale Feature Decoding for Precise Object Distance Measurement | D36: 2026 | E36: Wiley | F36: https://www.nature.com/articles/s41928-023-01074-z | G36: Monocular RGB Camera Deep Learning ResNet-based Encoder–Decoder Multiscale Feature Decoding YOLOv8 Object Detection Monocular Depth Estimation Object Distance Estimation D-Far250 Dataset KITTI Dataset | H36: included | I36: because it uses deep learning and object detection and and monocular depth estimation to detect objects and measure their distance and that support obstacle detection and navigation in Super Brain | J36: Traditional depth systems often need expensive sensors such as LiDAR or stereo cameras while monocular systems can have difficulty estimating accurate distances especially for far objects. | K36: The paper proposes a deep-learning system that uses a single RGB camera with a ResNet-based model and YOLOv8 to estimate object depth and distance without LiDAR or stereo cameras | P36: 35
B37: https://doi.org/10.1016/j.patrec.2019.03.008 | C37: Enhancing perception for the visually impaired with deep learning techniques and low-cost wearable sensors | D37: 2020 | E37: Elsevier | F37: https://www.sciencedirect.com/science/article/abs/pii/S0167865519300881?via%3Dihub | G37: * Shirt-pocket miniature wireless RGB camera * smartphone , smart watch * Monocular Depth Estimation --> ResNet-50 backbone * Urban Object Detection:---> CNN detector : 7 urban obstacle classes * Spatial Discretization:---> Bins 3D space in front of the user into 9 sectors * Continuous 3-level intensity haptic feedback | H37: Included | I37: Deeplearning Techniques for Enhancing Perception for Visuall impaired | J37: * visually impaired people face the outdoor environment and connot detect teh distance of the obstacles * ETAs : Travel aids ---> relying on RGB camera , LIDAR are heavy , big , fail in sunlight , expensive | K37: * lightweigh , low cost , replace with physical depth sensors * monocular depth , couples with object dedector * descretizes 3d space , delivers continuous 3 intensity habtic vibration | P37: 36
A38: Abdalah | B38: https://doi.org/10.1016/j.neunet.2023.12.042 | C38: Bidirectional visual-tactile cross-modal generation using latent feature space flow model | D38: 2023 | E38: Elsevier | F38: https://www.sciencedirect.com/science/article/pii/S0893608023007499?via%3Dihub | G38: * Decoupled visual and tactile Variational Autoencoders * Conditional Flow Model * Contrastive Supervision: InfoNCE contrastive loss (CLIP-style) * Sensory Modalities & Datasets: Evaluated on Touch2Go and LMT multimodal datasets * Quantitative Results: Reaches SSIM | H38: Included | I38: artificial sensory substitution by translating 2D visual inputs into tactile representations | J38: * scale discrepancy ---> global scene geometry vs. localized tactile contact * heterogeneous gap ---> pixels vs. mechanical deformation/vibration * Prior cross-modal methods were strictly unidirectional or required training two separate, unstable GAN networks , leading to inconsistent representations and heavy computational cost. | K38: * A unified generative architecture that maps visual features and tactile signals into separate VAE latent spaces, connected by an invertible conditional flow model that bidirectionally translates visual scenes into realistic tactile representations with high semantic fidelity. | P38: 37
B39: https://ieeexplore.ieee.org/document/5165018 | C39: Wearable Obstacle Avoidance Electronic Travel Aids for Blind: A Survey | D39: 2010 | E39: IEEE | F39: https://ieeexplore.ieee.org/document/5165018 | G39: ------------------ | H39: Excluded | I39: Survey | J39: ------------------ | K39: ------------------ | P39: 38
B40: https://doi.org/10.1007/s11042-021-11287-z | C40: Design and development of an indoor navigation system using denoising autoencoder based convolutional neural network for visually impaired people | D40: 2021 | E40: Springer | F40: https://link.springer.com/article/10.1007/s11042-021-11287-z | G40: * DAECNN Architecture * Multi-Angle Visual Localization --> Classifies 12 discrete viewing angles * Evaluation & Dataset---> Trained on 11,190 indoor frames | H40: Included | I40: Vision-Based Indoor Navigation & Visual Localization | J40: * GPS satellite signals cannot penetrate indoor environments * Alternative indoor positioning technologies ----> expensive, power consumpsion * Camera images captured while walking suffer from heavy motion blur, camera shaking, | K40: * Implements the DAECNN pipeline ---> enoising autoencoder to strip noise and motion blur * user positioning accuracy without external infrastructure | P40: 39
B41: https://doi.org/10.1007/s11042-023-16355-0 | C41: Development of a visual to audio and tactile substitution system for mobility and orientation of visually impaired people: a review | D41: 2023 | E41: Springer | F41: https://link.springer.com/article/10.1007/s11042-023-16355-0 | G41: * Sensory Substitution ---> visual-to-audio , visual-to-tactile * Reviews RGB cameras, depth sensors, ultrasonic transducers, and deep learning object/obstacle recognition models. | H41: Included | I41: Comprehensive Review of Visual-to-Tactile & Audio Sensory Substitution | J41: * white canes cannot detect elevated, head-height, or distant obstacles. * Existing assistive systems are non-adaptable, expensive, and heavily | K41: * prioritizing low-cost wearable tactile arrays that preserve hearing , simplify visual scene features into intuitive haptic patterns, and utilize structured user training protocols. | P41: 40
B42: https://doi.org/10.1049/ell2.70570 | C42: A Portable Intelligent Navigation System Based on Embedded Hybrid Computing for Visually Impaired People | D42: 2026 | E42: Wiley | F42: https://ietresearch.onlinelibrary.wiley.com/doi/10.1049/ell2.70570 | G42: * Multi-core STM32MP157F system * Hybrid Edge-Cloud Architecture * natural-language voice feedback for destination guidance and traffic | H42: Included | I42: Embedded System Design & Hybrid Vision-Tactile Navigation | J42: * risks at street intersections, pedestrian crossings, and outdoor sidewalks * Running deep visual-language models entirely on-device causes overheating * battery exhaustion , lag *cloud services risks complete failure in poor network coverage | K42: * A layered, hybrid embedded architecture where a multi-core STM32 * manages local low-latency sensor * high-level visual scene interpretation to cloud vision-language models | P42: 41
B43: https://doi.org/10.1007/s11554-023-01314-7 | C43: Enhanced data fusion of ultrasonic and stereo vision in real‑time obstacle detection | D43: 2023 | E43: Springer | F43: https://link.springer.com/article/10.1007/s11554-023-01314-7 | G43: * Ultrasonic and stereo vision sensor fusion, truncated local stereo matching * GPU CUDA parallel acceleration | H43: Included | I43: Sensing & Real-Time Obstacle Detection Algorithm | J43: * Full stereo matching requires high computational power * ultrasonic sensors suffer from poor angular resolution and wide beam reflection errors | K43: * Combines ultrasonic range cues with local stereo matchin * executing on GPU at 41 FPS speedup over unconstrained matching | P43: 42
B44: https://doi.org/10.1007/s10209-023-00973-4 | C44: Exploiting the haptic and audio channels to improve orientation and mobility apps for the visually impaired | D44: 2023 | E44: Springer | F44: https://link.springer.com/article/10.1007/s10209-023-00973-4 | G44: * Android touchscreen interface * GeoJSON digital map modeling * semantic RGB overlay layer for POI classification * Text-to-Speech (TTS) audio narration | H44: Included | I44: Multimodal Haptic/Audio Feedback & Cognitive Mapping for Navigation | J44: * navigation apps deliver isolated that fail to provide an allocentric environmental overview * while physical embossed tactile maps are static, , and expensive. | K44: * accessible Android prototype converting GeoJSON urban maps into interactive touchscreen | P44: 43
B45: https://doi.org/10.1109/TOH.2025.3616046 | C45: Exploring Tactile Perception: Development and Evaluation of the PinArray, a Novel Haptic Device | D45: 2025 | E45: IEEE | F45: https://ieeexplore.ieee.org/document/11186136 | G45: * PinArray haptic display * multi-touch mode actuation * frequency-differential tactile shape/edge encoding across RAI and RAII mechanoreceptors | H45: Included | I45: Tactile Display Hardware & Tactile Shape/Edge Perception | J45: * Conventional vibrotactile displays are restricted to low frequencies or uniform global vibrations * requency-differentiated stimulation across individual pins to render salient shapes and edges. | K45: * Developed the PinArray, featuring 12 independently controlled pins operating | P45: 44
B46: https://doi.org/10.3233/FAIA231495 | C46: Research on Multimodal Interaction Design Patterns for Visually Impaired People Under Sensory Compensation Theory | D46: 2024 | E46: IOS Press | H46: excluded | I46: Not authrized | P46: 45
B47: https://doi.org/10.1016/j.actpsy.2019.102950 | C47: Tactile aesthetics: Textures that we like or hate to touch | D47: 2019 | E47: Elsevier | F47: https://www.sciencedirect.com/science/article/abs/pii/S0001691819302008?via%3Dihub | H47: excluded | I47: out of scope & out dated | P47: 46
B48: https://doi.org/10.3389/fnhum.2014.00291 | C48: Successful tactile based visual sensory substitution use functions independently of visual pathway integrity | D48: 2014 | E48: Frontiers | F48: https://www.frontiersin.org/journals/human-neuroscience/articles/10.3389/fnhum.2014.00291/full | H48: excluded | I48: Not authrized & out dated | P48: 47
B49: https://doi.org/10.3233/FAIA231495 | C49: Research on Multimodal Interaction Design Patterns for Visually Impaired People Under Sensory Compensation Theory | D49: 2024 | E49: Sage | F49: https://ebooks.iospress.nl/doi/10.3233/FAIA231495 | H49: Included | I49: This paper is included because it focuses on visually impaired people and investigates how sensory compensation and multimodal interaction can support them in different situations. The paper uses the term visually impaired people broadly; it includes people with visual field disorders, color vision disorders, and people who still have some residual vision but cannot see clearly. It also categorizes their needs into three levels: safety needs, interaction needs, and spiritual needs. | J49: Visually impaired people face several difficulties in accessing information, navigation and travel, object recognition, and spatial perception. Although existing assistive solutions such as tactile flooring and sound guidance systems provide support, the interaction methods still need to be expanded and improved to address different users, needs, and scenarios. | K49: The paper argues that a single-sensory substitution approach is no longer sufficient to meet the diverse needs of visually impaired people across different environments. Each sense provides different and complementary information, so relying only on audio or only on tactile feedback may not be suitable for every situation. Therefore, the proposed solution is a multimodal interaction system based on sensory compensation theory, which combines multiple approaches, such as visual enhancement, auditory compensation, and tactile compensation, according to the user's needs and the interaction scenario. The researchers designed a game-viewing system for visually impaired people, consisting of an application side and a device side. The system supports different functions such as tournament information, navigation, accessible viewing, device connection, object recognition, venue tours, and calling volunteers. They created the interactive interface prototype using Axure RP and tested it on smartphones. The system was tested with 6 visually impaired participants aged 20–40, including 2 blind participants and 4 visually impaired participants. The evaluation focused on user friendliness, effectiveness, fault tolerance, and satisfaction. The results were generally positive: effectiveness scored 4.6/5 and satisfaction scored 4.7/5. However, the researchers found that multiple steps in the interface could cause user errors, so they suggested improvements such as auditory guidance, confirmation pop-ups, and physical differentiation of interface areas. Overall, the proposed design largely met the researchers' expectations. | P49: 48
A50: Habiba | B50: https://doi.org/10.3233/FAIA231495 | C50: Research on Multimodal Interaction Design Patterns for Visually Impaired People Under Sensory Compensation Theory | D50: 2024 | E50: IOS Press | F50: https://ebooks.iospress.nl/doi/10.3233/FAIA231495 | G50: X | H50: Excluded | P50: 49
B51: https://doi.org/10.1016/j.actpsy.2019.102950 | C51: Tactile aesthetics: Textures that we like or hate to touch | D51: 2019 | E51: Elsevier | F51: https://www.sciencedirect.com/science/article/abs/pii/S0001691819302008?via%3Dihub | G51: X | H51: Excluded | I51: Excluded Bec the paper focuses on general tactile texture perception, examining how people distinguish between different surface textures and whether they find them pleasant or unpleasant to touch. It is not focused on blind or visually impaired users and does not investigate haptic feedback using active mechanisms such as pressure-based pins to convey information. Therefore, it is outside the scope of our research. | J51: X | K51: X | P51: 50
B52: https://doi.org/10.3389/fnhum.2014.00291 | C52: Successful tactile based visual sensory substitution use functions independently of visual pathway integrity | D52: 2014 | E52: Frontiers in Human Neuroscience | F52: https://www.frontiersin.org/journals/human-neuroscience/articles/10.3389/fnhum.2014.00291/full | G52: X | H52: Excluded | I52: This paper is excluded because it does not meet the required publisher criteria. | J52: X | K52: X | P52: 51
B53: https://doi.org/10.1007/s10846-023-01824-3 | C53: Haptic Feedback Remote Control System for Electric Mechanical Assembly Vehicle Developed to Avoid Obstacles | D53: 2023 | E53: Springer Nature | F53: https://link.springer.com/article/10.1007/s10846-023-01824-3 | G53: LiDAR (RP LiDAR A1M8): Obstacle detection and distance measurement. Raspberry Pi 4: Sensor data processing. PLC (Siemens S7-1214C): Vehicle and motor control. ESP32: Wireless communication. Haptic Joystick: Force Feedback. Wi-Fi / TCP-IP: Data communication. | H53: Included | I53: The study demonstrates how obstacle-distance information can be translated into haptic feedback, which is relevant to our system's spatial feedback design. However, it is only indirectly relevant because it focuses on robotic vehicle control rather than visually impaired users. | J53: Remote vehicle operators may have difficulty perceiving obstacle proximity, increasing collision risks due to insufficient physical feedback. | K53: Developed a LiDAR-based obstacle detection system that converts distance measurements into force feedback through a haptic joystick, increasing resistance as the vehicle approaches obstacles. | P53: 52
B54: 10.1109/TVCG.2021.3136214 | C54: HaptoMapping: Visuo-Haptic Augmented Reality by Embedding User-Imperceptible Tactile Display Control Signals in a Projected Image | D54: 2022 | E54: IEEE | F54: https://www.researchgate.net/publication/357424856_HaptoMapping_Visuo-Haptic_Augmented_Reality_by_Embedding_User-Imperceptible_Tactile_Display_Control_Signals_in_a_Projected_Image | G54: X | H54: Excluded | I54: Reason for Exclusion Out of Scope: The study focuses on enhancing visual experiences through haptic feedback in augmented reality rather than providing sensory substitution for visually impaired individuals. The proposed system supplements visual information with tactile sensations instead of converting visual information into an alternative sensory form that can be interpreted without vision. Therefore, it does not directly address the objectives of visual sensory substitution for blind users. | J54: X | K54: X | P54: 53
B55: 10.1109/EMBC.2013.6610223 | C55: A tactile vision substitution system for the study of active sensing | D55: 2013 | E55: IEEE | F55: https://ieeexplore.ieee.org/document/6610223 | G55: - VTMouse: 96-pin tactile display. - Camera: Captures visual information. - Image Processing: Grayscale Conversion, Histogram Equalization, Low-pass Filtering, Thresholding, Morphological Operations. - Discrete Wavelet Transform (DWT): Image resolution reduction. - Trajectory Tracking: Laser Pointer, Fixed Camera, Image Subtraction, Pearson Correlation.F56 | H55: Included | I55: The paper presents a Tactile Vision Substitution System that converts visual information from a camera into tactile feedback to help visually impaired people perceive objects. Although it is highly relevant to our project, it was published in 2013, which is outside our preferred publication period (2020–2026). However, we could keep it as a background reference because its image processing and visual-to-tactile conversion techniques may be useful for our system. | J55: Traditional Tactile Vision Substitution Systems (TVSS) have limited tactile resolution compared with the large amount of information contained in visual images. Therefore, visual information cannot be directly transferred to the tactile device without processing and reducing its resolution. Traditional systems can also suffer from problems such as light reflection, noise, texture artifacts, and loss of object features. Moreover, because tactile resolution is limited, users need to actively move the camera to explore objects, making it important to understand their active sensing strategies | K55: The researchers developed an improved Tactile Vision Substitution System (TVSS) that converts visual information captured by a camera into simplified tactile information that can be perceived through the fingers. The proposed system contains two main subsystems: 1. Image Processing Subsystem: reduces the resolution of camera images while preserving important object features and converts them into binary images suitable for the tactile stimulation device. 2. Trajectory Tracking Subsystem: tracks the movement of the active camera while the user explores objects, allowing researchers to analyze the user's active sensing strategy. | P55: 54
B56: https://doi.org/10.1177/10711813251360704 | C56: The Multimodal Exhibition: Tangible Interactions for People With Visual Impairments | D56: 2025 | E56: Sage | F56: https://journals.sagepub.com/doi/10.1177/10711813251360704 | H56: Excluded | I56: **Exclude — Limited Technical Relevance** Although the study presents and evaluates six multimodal interaction prototypes for people with visual impairments, its primary contribution focuses on inclusive interaction design and usability rather than advanced assistive technologies. The proposed prototypes do not incorporate real-time object detection, environmental sensing, depth estimation, or dynamic sensory substitution mechanisms. Therefore, their technical contribution is limited in relation to the core technological objectives of our proposed system. | P56: 55
B57: 10.1016/j.ijhcs.2007.08.001 | C57: Haptic-feedback support for cognitive mapping of unknown spaces by people who are blind | D57: 2008 | E57: Elsevier | F57: linkinghub.elsevier.com/retrieve/pii/S1071581907001012 | H57: Excluded | I57: outdated | P57: 56
B58: https://doi.org/10.1186/s41235-020-00240-7 | C58: Multisensory inclusive design with sensory substitution | D58: 2020 | E58: Springer Nature | F58: https://link.springer.com/article/10.1186/s41235-020-00240-7 | H58: Excluded | I58: Review not a reasearch paper | P58: 57
B59: https://doi.org/10.1177/1460458222111260 | C59: Multi-obstacle aware smart navigation system for visually impaired people in fog connected IoT-cloud environment | D59: 2022 | E59: Sage | F59: https://journals.sagepub.com/doi/10.1177/14604582221112609 | G59: - Computer Vision: YOLOv3-Tiny for multi-obstacle detection. - Artificial Intelligence: Adaptive Asynchronous Advantage Actor-Critic (A3C). - Optimization Algorithms: Environment-Aware Bald Eagle Search (E-BES), Grey Absolute Decision Making (GADA). - Sensor Fusion: Extended Kalman Filter. - Data Clustering: Spatio-Temporal OPTICS. - Fog Computing / IoT / Cloud Computing: Distributed processing and communication. - Simulation Tools: NS-3 and iFogSim | H59: included | I59: The study directly addresses assistive navigation for visually impaired users and provides relevant approaches for real-time obstacle detection, environmental awareness, sensor fusion, and efficient processing. | J59: Existing navigation systems for visually impaired users face challenges in real-time multi-obstacle detection, safe route selection, processing latency, and sensor reliability. | K59: Proposed an AI-based navigation framework integrating YOLOv3-Tiny for obstacle detection, sensor fusion, fog computing for reduced latency, and optimization algorithms for safe route selection and adaptive navigation decisions. | P59: 58
B60: https://doi.org/10.1080/17483107.2025.2463541 | C60: Multi-faceted sensory substitution using wearable technology for curb alerting: a pilot investigation with persons with blindness and low vision | D60: 2025 | E60: Taylor & Francis | F60: https://www.tandfonline.com/doi/full/10.1080/17483107.2025.2463541 | G60: X | H60: Excluded | I60: This paper is excluded because it does not meet the required publisher criteria. | J60: X | K60: X | P60: 59
B61: https://dx.doi.org/10.1109/ACCESS.2024.3419102 | C61: Impact of Device and Environment on Visual-Auditory Sensory Substitution: A Comprehensive Behavioral Analysis Using the vOICe Algorithm | D61: 2024 | E61: IEEE | F61: https://ieeexplore.ieee.org/document/10571914/ | G61: vOICe Algorithm: Visual-to-auditory sensory substitution. Image-to-Sound Conversion: Maps pixel position and brightness to sound frequency, timing, and amplitude. Audio Devices: Wireless Earphones, Wireless Headphones, Bone Conduction Headsets. Auditory Feedback: Sound-based representation of visual information. | H61: included | I61: The study provides insights into audio feedback, device selection, environmental interference, and user training, which are important for designing reliable multimodal assistive systems for visually impaired users. | J61: The effectiveness of visual-to-audio sensory substitution can be affected by audio device type, environmental noise, and user adaptation. | K61: Evaluated the vOICe algorithm using wireless earphones, headphones, and bone conduction headsets under different environmental sound conditions to investigate recognition performance and learning. | P61: 60
A62: Hend | B62: 10.1016/j.neubiorev.2007.05.010 | C62: What neuroimaging tells us about sensory substitution | D62: 2007 | E62: Elsevier | F62: https://www.sciencedirect.com/science/article/abs/pii/S0149763407000668?via%3Dihub | H62: Excluded | P62: 61
B63: 10.1109/TCE.2024.3366763 | C63: ODD-M3D: Object-Wise Dense Depth Estimation for Monocular 3-D Object Detection | D63: 2024 | E63: IEEE | F63: https://ieeexplore.ieee.org/document/10438849 | G63: we create a sampling space and obtain the ground truth by moving them from the sampling space to the object space | H63: included | I63: Depth Estimation for Monocular 3-D Object Detection | J63: estimating depth from a single 2D image remains challenging due to the typical ill-posed nature of the problem | K63: we propose a new method that improves depth estimation accuracy by randomly sampling object-wise points instead of relying on a single center point, | P63: 62
B64: 10.1177/20556683251316305 | C64: The development of a wearable goggle echolocation device to support people who are visually impaired with unhindered and unaided movement | D64: January 23, 2025 | E64: Sage | F64: https://journals.sagepub.com/doi/10.1177/20556683251316305 | G64: The wearable echolocation device was developed using three ultrasonic sensors, one placed in the right, left, and middle of the goggle with each connected to a buzzer | H64: included (IMPORTANT) | P64: 63
C65: EMPOWERING VISUALLY IMPAIRED INDIVIDUALS WITH HOLISTIC ASSISTANCE USING REAL-TIME SPATIAL AWARENESS SYSTEM | D65: 45413 | H65: Excluded | I65: unknown | P65: 64
C66: Computer Vision for Assistive Technologies: Enhancing Environmental Perception for the Visually Impaired | D66: 45778 | H66: Excluded | I66: unknown | P66: 65
B67: https://doi.org/10.1016/j.heliyon.2024.e31825 | C67: A comprehensive review of navigation systems for visually impaired individuals | D67: 45458 | E67: heliyon | F67: https://www.cell.com/heliyon/fulltext/S2405-8440(24)07856-3?_returnURL=https%3A%2F%2Flinkinghub.elsevier.com%2Fretrieve%2Fpii%2FS2405844024078563%3Fshowall%3Dtrue | H67: Excluded | I67: unknown | P67: 66
C68: Recruitment of Occipital Cortex during Sensory Substitution Training Linked to Subjective Experience of Seeing in People with Blindness | D68: 40765 | E68: plos one | H68: Excluded | I68: unknown | P68: 67
E69: mdpi | H69: Excluded | I69: unknown | P69: 68
H70: Excluded | I70: unknown | P70: 69
H71: Excluded | I71: unknown | P71: 70
H72: Excluded | I72: unknown | P72: 71
B73: 10.1007/s12559-026-10547-0 | C73: Multi-modal Zebra Crossing Detection Framework for Visually Impaired Navigation | D73: 2026 | E73: Springer | F73: https://link.springer.com/article/10.1007/s12559-026-10547-0 | G73: YOLOv11 - Hough Line Transform (HLT) - Haze U-Net + LeNet-MFCN - CNN + Cross-Attention - Text-to-Speech (TTS) | H73: Included | I73: The AI-powered navigation system detects pedestrian crossings, traffic signals, and obstacles, assisting the blind and visually impaired. This is linked to the "Super Brain" initiative, which focuses on technologies that ensure highly safe navigation. | J73: Blind individuals face challenges such as the high cost of assistive technologies, limited datasets, overfitting, and poor detection in low-light conditions, fog, and complex traffic situations. | K73: MZCDFVIN + YOLOv11 + HLT + CNN + Haze U-Net + LeNet + SROA for real-time detection and navigation assistance. | P73: 72
A74: mostafa | B74: 10.1007/s12193-025-00463-2 | C74: Haptic and auditory cues: a study on independent navigation for visually impaired individuals | D74: 2025 | E74: Springer | F74: https://link.springer.com/article/10.1007/s12193-025-00463-2 | G74: Intel RealSense D435i stereo vision camera - Depth-map processing & obstacle detection - Odroid-N2 single-board computer - Wearable haptic belt with - 22 vibrating actuators - Auditory feedback / speakers - Bluetooth | H74: Included | I74: Paper is developing a wearable device that utilizes haptic and auditory signals to help the blind and visually impaired move around freely. This initiative is linked to the Super Brain project, as it focuses on leveraging technology to assist individuals with visual impairments. | J74: Current assistive navigation systems struggle to convert visual information into tactile or auditory information in a way that is easy to understand. | K74: Stereo vision + depth processing + haptic belt + auditory feedback + user-controlled operating modes. | P74: 73
B75: 10.1007/s12193-024-00447-8 | C75: The effects of haptic, visual and olfactory augmentations on food consumed while wearing an extended reality headset | D75: 2024 | E75: Springer | F75: https://link.springer.com/article/10.1007/s12193-024-00447-8 | G75: Varjo XR-3 extended reality headset - QR-code tracking cube - Electromagnetic actuators - Arduino control system - Olfactory necklace display - Air compressor + odor bottles | H75: Included | I75: Paper employs haptic, visual, and olfactory feedback delivered via an extended reality headset to alter how people perceive food. this is linked to the Super Brain concept, as it utilizes sensory-based technology to modify human sensory perception. | J75: Plant-based foods can be healthier and more sustainable, but they may not provide the same pleasant eating experience people expect from conventional foods. | K75: A multisensory XR system combining visual + haptic + olfactory augmentation. | P75: 74
B76: 10.1007/s12193-023-00427-4 | C76: Review of substitutive assistive tools and technologies for people with visual impairments: recent advancements and prospects | D76: 2023 | E76: Springer | F76: https://link.springer.com/article/10.1007/s12193-023-00427-4 | G76: Electronic Travel Aids (ETAs) - Sensory substitution devices - Computer vision systems - Wearable haptic devices - Audio-based navigation systems - AI and machine learning | H76: Included | I76: The paper explores assistive and sensory-based technologies designed for the blind and visually impaired including visual, auditory, and tactile systems. This ties into the Super Brain concept, as it involves technologies that compensate for the sense of sight or support it by utilizing other sensory inputs. | J76: There are various technologies designed primarily to assist visually impaired individuals with their work, but they suffer from issues regarding ease of use and ease of learning. | K76: User-centered + multimodal assistive technology, with visually impaired users involved throughout design and testing. | P76: 75
B77: 10.1007/s12193-021-00376-w | C77: SoundSight: a mobile sensory substitution device that sonifies colour, distance, and temperature | D77: 2021 | E77: Springer | F77: https://link.springer.com/article/10.1007/s12193-021-00376-w | G77: Mobile sensory substitution device - Colour sensor - Distance sensor - Temperature sensor - Sonification system - Headphones | H77: Included | I77: The video showcases a device called SoundSight, designed for sensory substitution. it converts color, distance, and temperature into sounds to assist visually impaired users. This is naturally linked to the Super Brain concept, as it relies on alternative sensory inputs to help users understand their surroundings. | J77: It is difficult to rely on current sensory substitution devices in the long term due to their high cost and the difficulty of learning how to use them. | K77: SoundSight converts visual/depth/thermal information into real-time sounds using a smartphone and different sensors | P77: 76
B78: 10.1007/s11042-026-21198-6 | C78: BLE and surveillance camera-based navigation system for visually impaired people | D78: 2026 | E78: Springer | F78: https://link.springer.com/article/10.1007/s11042-026-21198-6 | G78: BLE (Bluetooth Low Energy) - Surveillance cameras - Computer vision - AI-based object/obstacle detection - Navigation system | H78: Included | I78: Paper is developing a navigation system for the blind and visually impaired that utilizes BLE, surveillance cameras, and AI to detect obstacles. This initiative is linked to the Super Brain project, as it provides assistive navigation technology for users such as the blind and those with low vision. | P78: 77
B79: 10.1007/s11042-026-21158-0 | C79: Enhancing the experience of film with a wearable tactile/ haptic suit | D79: 2026 | E79: Springer | F79: https://link.springer.com/article/10.1007/s11042-026-21158-0 | G79: Wearable Bubble Suit - Pressure-based Haptic Feedback - Arduino control system - Air Pump - PVC Air Bubbles - Silicone Air Tubes - Noise-cancelling headphones | H79: ُExcluded | P79: 78
B80: 10.1007/s00530-025-02139-z | C80: Assisting blind people with AI and audio using smart glasses: system design with YOLOv8 variants comparisons | D80: 2026 | E80: Springer | F80: https://link.springer.com/article/10.1007/s00530-025-02139-z | G80: Vuzix Blade 2 Smart Glasses - YOLOv8 - Simple Online and Realtime Tracking - Distance Estimation - Azure AI Vision / OCR - Microsoft Cognitive Speech Service - TensorFlow Lite - OpenCV - WebSocket - Unity | H80: Included | I80: Paper is developing AI-powered smart glasses that feature object detection, optical character recognition (OCR), and audio feedback to help the blind navigate safely. This initiative is linked to the Super Brain concept, as it combines AI with sensory assistance to support users with visual impairments. | P80: 79
B81: 10.1007/s00221-026-07309-7 | C81: Agents’ awareness of visuo-motor incongruency determines changes in haptic sensitivity | D81: 2026 | E81: Springer | F81: https://link.springer.com/article/10.1007/s00221-026-07309-7 | G81: Robotic manipulandum - Visual feedback system - Haptic stimulation - Visuo-motor perturbation - Force/position sensors | H81: included | I81: The paper examines how individuals awareness of visual and motor changes affects tactile sensitivity. | P81: 80
B82: 10.1007/s00221-021-06181-x | C82: Tactile spatial discrimination on the torso using vibrotactile and force stimulation | D82: 2021 | E82: Springer | F82: https://link.springer.com/article/10.1007/s00221-021-06181-x | G82: Vibrotactile actuators - Force-feedback actuators - Wearable tactile vest - Vibrotactile stimulation system - Force stimulation system | H82: ُExcluded | I82: The paper discusses vibration and pressure stimulation using haptic vests capable of covering the torso. | P82: 81
B83: 10.1016/j.brainres.2015.06.033 | C83: The role of visual deprivation and experience on the performance of sensory substitution devices | D83: 2015 | E83: Elsevier | F83: https://www.sciencedirect.com/science/article/abs/pii/S0006899315005156?via%3Dihub | G83: Vibrotactile technology - Force-feedback technology | H83: Included | I83: The paper discusses sensory substitution devices and how the visual experience influences their performance. This study offers a significant advantage the concept of a super brain as it involves specific technologies that enable users to process information through alternative sensory inputs. | J83: People who use sensory substitution devices often require a significant amount of training to understand the alternative sensory information. | K83: The solution lies in intensive training and experience two important elements for improving performance. | P83: 82
P84: 83
B85: https://doi.org/10.1186/s12984-021-00935-y | C85: Enabling visually impaired people to learn three‐dimensional tactile graphics with a 3DOF haptic mouse | D85: 2021 | E85: Springer | F85: https://link.springer.com/article/10.1186/s12984-021-00935-y | G85: The TActile MOuse 3 (TAMO3) - Haptic Sensory Substituion | H85: included | I85: this paper presents a novel sensory substitution system that enables to learn three dimensional digital information via touch when vision is unavailable. | J85: three dimensional digital information is difficult to see and visually impaired people can't see it | K85: A mouse-shaped device, designed to jointly perceive, with one finger only, local tactile height and inclination cues of arbitrary scalar fields. | P85: 84
A86: Farah | B86: https://doi.org/10.3758/s13414-024-02959-7 | C86: Viewed touch influences tactile detection by altering decision criterion | D86: 2024 | E86: Springer | F86: https://link.springer.com/article/10.3758/s13414-024-02959-7 | G86: Vicarious Tactile activation - Tactile perception - Visual information | H86: included | I86: this paper discusses the tactile perception when people see visual information | J86: to know if visual information enhances tactile perception or it enhances the decision making | K86: These findings suggest that viewing touch influences tactile performance by altering tactile decision mechanisms rather than the tactile perceptual signal | P86: 85
B87: 10.1186/s40580-026-00552-2 | C87: Advances in neuroprostheses: interfaces, materials, and applications | D87: 2026 | E87: Springer | F87: https://link.springer.com/article/10.1186/s40580-026-00552-2 | G87: Nanotechnology - neuroprostheses | H87: included | I87: This review examines the critical role of nanotechnology in building high performance neuroprostheses across six key classes: motor, visual, tactile, language, memory and olfactory | J87: Biological systems struggle to communicate with electronic systems due to a mismatch at the neural interface. | K87: using nanotechnology | P87: 86
B88: 10.1186/s41235-023-00495-w | C88: A direct comparison of sound and vibration as sources of stimulation for a sensory substitution glove | D88: 2023 | E88: Springer | F88: https://link.springer.com/article/10.1186/s41235-023-00495-w | G88: sensory substitution devices - adequacy of touch - adequacy of hearing | H88: included | I88: this paper discusses that touch and hearing can substitute for visual information | J88: autonomous mobility of visually impaired people | K88: Sensory substitution devices (SSDs) are designed to improve navigation | P88: 87
B89: s41378-026-01190-8 | C89: Complementary visual localization and tactile mapping approach for robotic perception of millimeter-sized objects with irregular surfaces | D89: 2026 | E89: Nature | F89: https://www.nature.com/articles/s41378-026-01190-8 | G89: visual localization - tactile sensing | H89: included | I89: This study provides a technological foundation for enhancing the autonomy and adaptability of humanoid robots in unpredictable and unstructured environments, particularly to support precise robot manipulation in such conditions. | J89: robots can't percieve small and irregular objects | K89: Foundation for sensory substitution systems that help robots percieve small and irregular objects | P89: 88
B90: x | H90: Excluded | P90: 89
B91: x | H91: Excluded | P91: 90
B92: x | H92: Excluded | P92: 91
B93: x | H93: Excluded | P93: 92
B94: x | H94: Excluded | P94: 93
B95: x | H95: Excluded | P95: 94
B96: x | H96: Excluded | P96: 95
B97: x | H97: excluded | P97: 96
A98: Fathy | B98: https://doi.org/10.1038/s41539-025-00385-4 | C98: Learning visual to auditory sensory substitution reveals flexibility in image to sound mapping | D98: 2026 | E98: Nature | F98: https://www.nature.com/articles/s41539-025-00385-4 | G98: The vOICe Visual-to-auditory sensory substitution Sensory Substitution Device (SSD) Image-to-sound mapping Spectral-temporal acoustic mapping Pitch-based spatial encoding Time-based spatial encoding Amplitude encoding for pixel brightness | H98: included | I98: The paper presents and evaluates a relevant assistive technology for visual information accessibility, specifically The vOICe visual-to-auditory sensory substitution device (SSD), which converts visual information into sound using structured image-to-sound mappings. | J98: There is limited empirical evidence comparing fundamentally different image-to-sound axis mappings in visual-to-auditory sensory substitution systems, so it is unclear whether users must rely on the traditional pitch–elevation / time–horizontal mapping or can learn alternative mappings effectively. | K98: The study compares the traditional The vOICe image-to-sound mapping with a reversed mapping and a control condition to test whether users can learn alternative visual-to-auditory mappings effectively. | P98: 97
B99: https://doi.org/10.1038/s41539-025-00385-4 | C99: Learning visual to auditory sensory substitution reveals flexibility in image to sound mapping | D99: 2025 | E99: Nature | F99: https://www.nature.com/articles/s41539-025-00385-4 | G99: The vOICe; Sensory Substitution Device (SSD); Visual-to-auditory sensory substitution; Image-to-sound mapping; Spectral-temporal acoustic mapping; Pitch-based spatial encoding; Time-based spatial encoding; Amplitude encoding | H99: included | I99: The study evaluates The vOICe, a visual-to-auditory sensory substitution technology designed to convert visual information into sound and support access to visual information. | J99: There is limited empirical work directly comparing fundamentally different image-to-sound axis mappings, leaving uncertainty about whether learning is constrained by traditional cross-modal correspondences such as pitch for elevation. | K99: The study compares the traditional The vOICe mapping with a reversed image-to-sound mapping and an arbitrary control mapping to determine whether users can effectively learn alternative structured visual-to-auditory mappings. | P99: 98
B100: 10.1016/j.tics.2008.07.004 | C100: Parahippocampal and retrosplenial contributions to human spatial navigation | D100: 2008 | E100: Elsevier | F100: https://www.sciencedirect.com/science/article/abs/pii/S136466130800199X? | G100: Neuroimaging fMRI Parahippocampal Place Area (PPA) Retrosplenial Complex (RSC) Spatial cognition and navigation | H100: included | I100: Because it is published by Elsevier and directly discusses human spatial navigation, including the brain mechanisms involved in understanding scenes | J100: The paper addresses the fact that the neural systems supporting human spatial navigation were not fully understood, especially the specific roles of the parahippocampal and retrosplenial regions | K100: The paper reviews neuroimaging, neuropsychology, neuroanatomy, and neurophysiology findings to explain how the PPA represents local visual scenes while the RSC helps place those scenes within the wider environment and supports navigation toward locations that may not be currently visible | P100: 99
...

Sheet Mohsen
B1: Paper's DOI | C1: Title | D1: Publication Year | E1: Publisher | F1: paper URL | G1: Technology | H1: Included or Excluded | I1: Reason for inclusivity | J1: Problem | K1: Solution | L1: Main Tag | M1: Another Tags | N1: Custom Numbering M-## | O1: Additionals Notes
A2: Mohsen | B2: x | H2: excluded | I2: unknown
B3: x | H3: excluded | I3: unknown
B4: x | H4: excluded | I4: unknown
B5: x | H5: excluded | I5: unknown
B6: x | H6: excluded | I6: unknown
B7: x | H7: excluded | I7: unknown
B8: 10.1109/ACCESS.2025.3548552 | C8: Sensory Substitution Device for Time Presentation: Spatial–Temporal Vibrotactile Encoding for Presenting Time on the Human Wrist | D8: `10-Mar-202 | E8: IEEE | F8: https://doi.org/10.1109/ACCESS.2025.3548552?utm_source=chatgpt.com | G8: Vibrotactile feedback, Arduino Mega (ATmega2560), vibration motors | H8: included | I8: Relevant to wearable haptic feedback and tactile information encoding. | J8: Communicating information through vibration patterns that users can understand accurately. | K8: A wrist-worn device that represents time using spatial and temporal vibration patterns. | L8: #wearable-tech | M8: #wearable-tech, #assistive-technology, #embedded-systems, #microcontroller, #accessibility, #visual-impairment | N8: M-01 | O8: The paper focuses on presenting time through vibration, not AI-based environmental perception or navigation.
B9: doi:10.1016/j.tics.2003.10.013 | C9: Sensory substitution and the human–machine interface | D9: 37967 | H9: excluded | I9: date
B10: x | C10: Obstacle Detection, Depth Estimation And Warning System For Visually Impaired People | H10: excluded | I10: date
B11: https://doi.org/10.1007/s13042-023-01887-6 | C11: Structured deep learning based object‐specific distance estimation from a monocular image | D11: 45088 | E11: Springer | F11: https://link.springer.com/article/10.1007/s13042-023-01887-6 | H11: included | N11: M-02 | O11: CAN'T Reach the pdf yet
B12: 10.1109/TOH.2021.3077619 | C12: Survey of Pseudo-Haptics: Haptic Feedback Design and Application Proposals | D12: OCTOBER-DECEMBER 2021 | E12: IEEE | H12: excluded | I12: survey
B13: 10.1177/10711813251360706 | C13: Navigation Assistance Via Haptic Technology for Blind or Low-Vision Users: A Scoping Review | D13: 45866 | E13: SAGE | F13: https://journals.sagepub.com/doi/10.1177/10711813251360706 | G13: Review paper (Has No one technology) | H13: included | I13: Directly focuses on haptic and tactile technologies used to help blind or low-vision users navigate and receive directional guidance or obstacle warnings. | J13: Same Our Problem | K13: Review and evaluate haptic navigation approaches that communicate directions and obstacles through vibration, skin-stretch, or force feedback, sometimes combined with audio feedback. | L13: #assistive-technology | M13: #wearable-tech, #visual-impairment, #accessibility, #embedded-systems | N13: M-03 | O13: Exactly like what we want to do (Very Important) --- this paper mention also some papers talks about sound solutions not only haptic
A14: Mohsen | B14: https://papers.ssrn.com/sol3/papers.cfm?abstract_id=4989285 10.1109/TASE.2020.2971713 | C14: Toward Image-to-Tactile Cross-Modal Perception for Visually Impaired People | D14: 44287 | E14: IEEE | F14: https://ieeexplore.ieee.org/abstract/document/9018269 | H14: included | N14: M-04 | O14: not peer reviewed (Need ask if this work or no)
B15: https://doi.org/10.1007/s12193-025-00452-5 | C15: Vis-Assist: computer vision and haptic feedback-based wearable assistive device for visually impaired | D15: 45800 | E15: Springer | F15: https://link.springer.com/article/10.1007/s12193-025-00452-5 | H15: included | N15: M-05 | O15: CAN'T Reach the pdf yet
B16: doi:10.1016/j.concog.2009.10.006 | C16: Visual experiences in the blind induced by an auditory sensory substitution device | D16: 40148 | E16: sciencedirect | F16: https://www.sciencedirect.com/science/article/abs/pii/S1053810009001718?via%3Dihub | H16: excluded | I16: date
B17: x | H17: excluded
B26: =IF(C26="","","PID-"&TEXT(ROW()-2,"0000"))
B27: =IF(C27="","","PID-"&TEXT(ROW()-2,"0000"))
B28: =IF(C28="","","PID-"&TEXT(ROW()-2,"0000"))
B30: 0 | C30: Need to look for these
B31: 1 | C31: https://hal.science/hal-01993932v1/document
B32: =IF(C32="","","PID-"&TEXT(ROW()-2,"0000"))
B33: =IF(C33="","","PID-"&TEXT(ROW()-2,"0000"))
B34: =IF(C34="","","PID-"&TEXT(ROW()-2,"0000"))
B35: =IF(C35="","","PID-"&TEXT(ROW()-2,"0000"))
B36: =IF(C36="","","PID-"&TEXT(ROW()-2,"0000"))
B37: =IF(C37="","","PID-"&TEXT(ROW()-2,"0000"))
B38: =IF(C38="","","PID-"&TEXT(ROW()-2,"0000"))
B39: =IF(C39="","","PID-"&TEXT(ROW()-2,"0000"))
B40: =IF(C40="","","PID-"&TEXT(ROW()-2,"0000"))
B41: =IF(C41="","","PID-"&TEXT(ROW()-2,"0000"))
B42: =IF(C42="","","PID-"&TEXT(ROW()-2,"0000"))
B43: =IF(C43="","","PID-"&TEXT(ROW()-2,"0000"))
... B84: =IF(C84="","","PID-"&TEXT(ROW()-2,"0000"))

Sheet Ahmed
B1: Paper's DOI | C1: Title | D1: Publication Year | E1: Publisher | F1: paper URL | G1: Technology | H1: Included or Excluded | I1: Reason for inclusivity | J1: Problem | K1: Solution | L1: Main Tags | M1: Another Tags
A2: David | B2: 10.1016/j.bcp.2025.116272 | C2: A quantitative assessment of EOG eye tracking during free viewing in sighted and in congenitally blind | D2: 2025 | E2: Elsevier | F2: https://www.sciencedirect.com/science/article/pii/S0006899325003555?via%3Dihub | G2: Electrooculography (EOG) Video-Based Eye Tracking SMI Eye-Tracking Glasses Smarting Mobile EEG g.HIamp Amplifier BioSemi EEG vEOG / hEOG Blink Detection Saccade Detection The vOICe | H2: included | J2: Limited exploration of EOG in naturalistic/free-viewing conditions Video-based tracking can fail in blind individuals due to pupil abnormalities or eyelid control Need to detect eye movements without visual fixation | K2: EOG-based detection of blinks and saccades Comparison with video-based eye tracking Testing under light, darkness, eyes-closed, and congenital blindness Demonstrated that EOG can detect eye movements in blind participants
B3: 10.1016/j.neuroimage.2025.121652 | C3: Long-term visual-to-tactile stimulation induces functional reorganization of thalamic pathways to achieve visual perception | D3: 2025 | E3: Elsevier | F3: https://www.sciencedirect.com/science/article/pii/S105381192500655X?via%3Dihub | G3: Sensory Substitution Device (SSD) Visual-to-Tactile Conversion Tactile Stimulation Resting-State fMRI Functional Connectivity Analysis Thalamic/Occipital Brain Imaging | H3: included | J3: Limited understanding of how long-term tactile sensory substitution produces visual perception. Unclear how the brain reorganizes its pathways during prolonged SSD use. | K3: Long-term visual-to-tactile stimulation/training. Investigation of changes in thalamic–occipital connectivity to understand the neural mechanism.
B4: 10.1016/j.neuroimage.2021.118029 | C4: Topographic maps and neural tuning for sensory substitution dimensions learned in adulthood in a congenital blind subject | D4: 2021 | E4: Elsevier | F4: https://www.sciencedirect.com/science/article/pii/S1053811921003062?via%3Dihub | G4: Auditory Sensory Substitution Device 2D Auditory Soundscape Pitch Encoding Temporal Encoding Population Receptive Field Mapping fMRI | H4: included | J4: How the adult brain represents newly learned sensory dimensions in a person who is congenitally blind. | K4: Convert spatial information into auditory dimensions. Train the participant to interpret the auditory representation. Analyze the resulting neural maps and tuning.
B5: 10.1016/j.neuroimage.2024.120621 | C5: Visual Mental Imagery and Neural Dynamics of Sensory Substitution in the Blindfolded Subjects | D5: 2024 | E5: Elsevier | F5: https://www.sciencedirect.com/science/article/pii/S1053811924001162?via%3Dihub | G5: Auditory Sensory Substitution Visual-to-Auditory Encoding Soundscape Stimuli Functional MRI Dynamic Causal Modeling (DCM) Visual Mental Imagery | H5: included | J5: How sensory-substitution information is processed by the brain. Whether auditory sensory substitution can engage visual mental imagery. | K5: Train subjects to interpret auditory representations of visual shapes. Use neuroimaging and DCM to analyze the resulting brain-network dynamics.
B6: 10.1177/0145482X19842491 | C6: A Haptic Navigation Aid for Individuals with Visual Impairments: Indoor and Outdoor Feasibility Evaluations of the LaserNavigator | D6: 2019 | E6: SAGE Publications | F6: https://journals.sagepub.com/doi/10.1177/0145482X19842491 | G6: Laser Rangefinder Haptic Feedback Vibrating Actuator Handheld Device Virtual White Cane Variable Virtual Cane Length | H6: included | J6: Conventional white canes have a limited detection range. | K6: Use a laser rangefinder to detect objects beyond normal cane range. Convert measured distance into haptic feedback.
B7: 10.5220/0006617505550562 | C7: Wearable RGB Camera-based Navigation System for the Visually Impaired | D7: 2018 | E7: SciTePress | F7: https://www.scitepress.org/PublishedPapers/2018/66175/ | H7: Excluded | I7: Published by SciTePress
B8: 10.1609/aaai.v37i2.25233 | C8: BEVDepth: Acquisition of Reliable Depth for Multi-View 3D Object Detection | D8: 2023 | E8: AAAI | F8: https://ojs.aaai.org/index.php/AAAI/article/view/25233 | H8: Excluded | I8: Because it falls in a different feild of study and is published by AAAI
B9: 10.1109/EMBC.2013.6611022 | C9: Electrotactile vision substitution for 3D trajectory following | D9: 2013 | E9: IEEE | F9: https://ieeexplore.ieee.org/document/6611022 | H9: Excluded | I9: Published in 2013 and The linked IEEE document does not appear to correspond to the assistive-vision/navigation research needed for your review
B10: 10.1109/EIT51626.2021.9491913 | C10: Visually Impaired Indoor Navigation using YOLO Based Object Recognition, Monocular Depth Estimation and Binaural Sounds | D10: 2021 | E10: IEEE | F10: https://ieeexplore.ieee.org/document/9491913 | G10: Monocular RGB Camera Deep Learning ResNet-50 Backbone Encoder–Decoder Network YOLOv8 Object Detection Monocular Depth Estimation Object Distance Estimation D-Far250 Dataset KITTI Dataset Binaural/Spatial Audio HRTF | H10: included | J10: Difficulty detecting objects and understanding their distance and spatial position during indoor navigation. | K10: YOLO detects objects. Monocular depth estimation estimates object distance. Spatial information is converted into binaural audio. Audio provides directional and distance information to the user.
B11: 10.1109/TITS.2022.3161141 | C11: Trans4Trans: Efficient Transformer for Transparent Object and Semantic Scene Segmentation in Real-World Navigation Assistance | D11: 2021 | E11: arXiv | F11: https://ieeexplore.ieee.org/document/9743965 | G11: RGB-D Camera Portable GPU Trans4Trans Transformer Transformer Parsing Module (TPM) Semantic Segmentation Transparent Object Segmentation Depth Information Bone-Conduction Earphone | H11: included | J11: Transparent objects such as glass doors and glass walls can be incorrectly interpreted as free/walkable space. | K11: Detect transparent objects separately. Combine transparent-object segmentation with semantic segmentation and depth information. Provide navigation feedback to the visually impaired user.
B12: 10.1109/TOH.2021.3138590 | C12: In-Device Feedback in Immersive Head-Mounted Displays for Distance Perception During Teleoperation of Unmanned Ground Vehicles | D12: 2022 | E12: arXiv | F12: https://ieeexplore.ieee.org/document/9664257 | H12: Excluded | I12: Different feild of study (The actual application is remote control of unmanned ground vehicles0
B13: 10.48550/arXiv.2201.04453 | C13: Obstacle Avoidance for Blind People Using a 3D Camera and a Haptic Feedback Sleeve | D13: 2022 | E13: arXiv / CoRR | F13: https://arxiv.org/abs/2201.04453 | G13: Intel RealSense D415 3D Camera 3D Point Cloud Depth Mapping AAEON Up Board 5×5 Haptic Feedback Sleeve Vibration Motor Array Spatial Depth-to-Haptic Mapping 3D-Printed Glasses | H13: included | J13: Limited obstacle detection range using conventional aids. Difficulty providing multidimensional information about obstacles. Some existing approaches depend on lighting conditions. | K13: Capture 3D depth information using the RealSense camera. Convert the depth map into a 5×5 spatial representation. Map each region to a corresponding vibration motor. Use vibration intensity to communicate obstacle distance.
A14: salma | B14: 10.1080/23311916.2025.2560974 | C14: An assistive haptic-based obstacle avoidance system for individuals with profound visual impairment | D14: 2025 | E14: Taylor & Francis | F14: https://www.tandfonline.com/doi/full/10.1080/23311916.2025.2560974 | G14: X | H14: Excluded | I14: because paper published by taylor that not included in our scope | J14: X | K14: X
B15: https://doi.org/10.1002/aisy.70450Digital Object Identifier (DOI) | C15: Enhanced Monocular Depth Estimation Using ResNet Backbone and Multiscale Feature Decoding for Precise Object Distance Measurement | D15: 2026 | E15: Wiley | F15: https://advanced.onlinelibrary.wiley.com/doi/10.1002/aisy.70450 | H15: included
C16: Duplicated | H16: Execlauded
C17: Sight Guide: A Wearable Assistive Perception and Navigation System for the Vision Assistance Race in the Cybathlon 2024 | D17: 2025 | E17: Arixiv | H17: Excluded
B18: 10.1109/ICRA40945.2020.9196782 | C18: A Visual Positioning System for Indoor Blind Navigation | D18: 2020 | E18: IEEE | F18: https://www.researchgate.net/publication/339725908_A_Visual_Positioning_System_for_Indoor_Blind_Navigation | H18: included
B19: 10.1109/ACCESS.2023.3244073 | C19: A Survey on Outdoor Navigation Applications for People With Visual Impairments | D19: 2023 | E19: IEEE | F19: https://ieeexplore.ieee.org/document/10041898 | H19: included
B20: https://doi.org/10.1016/j.eswa.2023.121065 | C20: A data fusion framework based on heterogeneous information network embedding for trigger-action programming in IoT | D20: 2023 | E20: Elsevier | F20: https://www.sciencedirect.com/science/article/abs/pii/S0957417423015671?via%3Dihub | H20: included
B21: https://doi.org/10.48550/arXiv.2511.10026 | C21: Grating haptic perception through touchscreen: Sighted vs. Visually Impaired | D21: 2026 | E21: arXiv | F21: https://arxiv.org/abs/2511.10026v3 | G21: X | H21: Excluded | I21: because paper published by arix that not included in our scope | J21: X | K21: X
B22: https://doi.org/10.1007/s42486-023-00136-7 | C22: A smart obstacle avoiding technology based on depth camera for blind and visually impaired people (Commentry) | D22: 2023 | E22: Springer | F22: https://link.springer.com/article/10.1007/s42486-023-00136-7 | H22: Excluded
B23: 10.1177/20552076251408522 | C23: Sensory-driven micro-interventions for improved health and wellbeing | D23: 2025 | E23: Sage | F23: https://journals.sagepub.com/doi/10.1177/20552076251408522 | H23: included
H25: Excluded
A26: Taha | B26: 10.3233/APC210058 | C26: A Robotic Assisted System Using Deep Learning for Navigation and Reading IoT Based Home Automation for Visually Impaired | D26: 2021 | E26: IOS Press | F26: https://ebooks.iospress.nl/doi/10.3233/APC210058 | G26: X | H26: Excluded | I26: because paper published by IOS press that not included in our scope | J26: X | K26: X
B27: 10.1196/annals.1305.006 | C27: Tactile Sensory Substitution Studies | D27: 2004 | E27: Wiley | F27: https://nyaspubs.onlinelibrary.wiley.com/doi/epdf/10.1196/annals.1305.006 | G27: camera - Sensory Substitution - Tongue Electrotactile Interface - Vibrotactile Stimulation | H27: included | I27: The paper is included because it helps blind users by explaining sensory substitution by info from camera converted into tactile information that brain can learn to understand | J27: problem is to how to provide a visiual info to blind peoples by using tactile stimulation the chalenge is to create an effective brain -machine interface(BMI) | K27: the paper uses: 1-sensory substitution system : converts visual info from a camera into tactile (electrotactile stimulation) 2-stimulation is delivered through tactile arrays 3-electrotactile interface on the tongue 4-allow brain to learn and interpert the info
B28: 10.1016/j.asej.2023.102387 | C28: An effective obstacle detection system using deep learning advantages to aid blind and visually impaired navigation | D28: 2024 | E28: Elsevier | F28: https://www.sciencedirect.com/science/article/pii/S2090447923002769?via%3Dihub | G28: Deep Learning Modified YOLOv5 Computer Vision Obstacle/Object Detection Indoor & Outdoor Environment Model optimization for deployment on embedded devices | H28: included | I28: Paper focus on obstacle detection for blind using YOLOv5 model it cover indoor andoutdoor objects and uses optimization method to make model lightweight | J28: Blind and visually impaired people have difficulty detecting obstacles and navigating safely in their surroundings. | K28: The paper proposes a modified YOLOv5-based obstacle detection system to detect objects/obstacles and provide information that can assist blind and visually impaired users during navigation
B29: 10.1109/JAS.2021.1004084 | C29: An RGB-D Camera Based Visual Positioning System for Assistive Navigation by a Robotic Navigation Aid | D29: 2021 | E29: IEEE | F29: https://www.ieee-jas.net/article/doi/10.1109/JAS.2021.1004084?pageType=en | G29: RGB-D Camera IMU Visual-Inertial Odometry (VIO) 6-DOF Pose Estimation Particle Filter Localization Indoor CAD/Floor Plans Path Planning & Obstacle Avoidance Real-time processing | H29: Included | I29: Because it focuses on assistiv navigation for impaired users and combine computer vision with RGB and real time navigation | J29: blind people need reliable navigation assistance in large indoor environments Existing mobility tools such as white canes and guide dogs do not provide electronic localization/navigation information | K29: The paper develops a real-time visual positioning system for a robotic navigation aid. It combines an RGB-D camera + IMU to estimate the device's 6-DOF pose, then uses a particle filter and indoor CAD floor-plan information to reduce localization error and support wayfinding
C30: duplicated | H30: Excluded
B31: X | C31: X | D31: X | E31: Taylor & Francis | F31: https://www.tandfonline.com/doi/epdf/10.1080/23311916.2025.2560974?needAccess=true | G31: X | H31: Excluded | I31: because paper published by taylor press that not included in our scope | J31: X | K31: X
B32: 10.1177/20552076251408522 | C32: Sensory-driven micro-interventions for improved health and wellbeing | D32: 2025 | E32: Sage | F32: https://journals.sagepub.com/home/dhj | G32: AI / Machine Learning IoT Wearable sensors Sensory devices & interfaces Real-time data collection and processing Sensory substitution Vibrotactile / haptic feedback Smartphones and connected devices Embedded sensors | H32: included | I32: included because paper support sensory substituation and hapitic feedback concept of super Brain it discusses technologies that convert environmental/visual information into tactile feedback for visually impaired users | J32: sensory technologies work separately there no simple system for continuously monitoring sensory changes and providing personalized help when needed | K32: The paper proposes using AI IoT wearable sensors and sensory devices to monitor sensory changes and provide personalized sensory training
B33: 10.1007/s42486-023-00136-7 | C33: A smart obstacle avoiding technology based on depth camera for blind and visually impaired people | D33: 2023 | E33: Springer Nature | F33: https://link.springer.com/article/10.1007/s42486-023-00136-7? | G33: Depth/RGB-D Camera — Intel RealSense D435i 3D Point Cloud L-PointPillars Deep Learning / Neural Network Depthwise Separable Convolution Attention Mechanism NVIDIA Jetson Xavier NX PyTorch + Python Text-to-Speech (TTS) Audio Feedback | H33: included | I33: Included because it uses a depth camera and AI-based obstacle detection to help blind and visually impaired people navigate safely outdoors | J33: impaired people difficult detecting and avoiding obstacles when traveling outdoors. Existing assistive devices have limited detection range and limited computing power | K33: The paper proposes a wearable system that uses a depth camera and L-PointPillars to detect obstacles in real time and gives audio information about the obstacle and its distance
B34: 10.1016/j.eswa.2023.121065 | C34: A data fusion framework based on heterogeneous information network embedding for trigger-action programming in IoT | D34: 2023 | E34: Elsevier | F34: https://www.sciencedirect.com/science/article/abs/pii/S0957417423015671?via%3Dihub | G34: IoT Artificial Intelligence of Things (NLP) Heterogeneous Information Network HIN Embedding Metagraph-guided Random Walk Skip-gram Multi-label Classification | H34: included | I34: there are too many trigger-action combinations that is difficult and time-consuming for users to create IoT recipes manually | K34: The paper proposes TAPFuser an IoT framework that uses NLP and HIN embedding to understand natural-language requests and automatically recommend suitable trigger-action recipe
B35: 10.1038/s41928-023-01074-z | C35: A skin-integrated multimodal haptic interface for immersive tactile feedback | D35: 2023 | E35: Nature | H35: included | J35: X | K35: X
B36: 10.1002/aisy.70450 | C36: Enhanced Monocular Depth Estimation Using ResNet Backbone and Multiscale Feature Decoding for Precise Object Distance Measurement | D36: 2026 | E36: Wiley | F36: https://www.nature.com/articles/s41928-023-01074-z | G36: Monocular RGB Camera Deep Learning ResNet-based Encoder–Decoder Multiscale Feature Decoding YOLOv8 Object Detection Monocular Depth Estimation Object Distance Estimation D-Far250 Dataset KITTI Dataset | H36: included | I36: because it uses deep learning and object detection and and monocular depth estimation to detect objects and measure their distance and that support obstacle detection and navigation in Super Brain | J36: Traditional depth systems often need expensive sensors such as LiDAR or stereo cameras while monocular systems can have difficulty estimating accurate distances especially for far objects. | K36: The paper proposes a deep-learning system that uses a single RGB camera with a ResNet-based model and YOLOv8 to estimate object depth and distance without LiDAR or stereo cameras
B37: https://doi.org/10.1016/j.patrec.2019.03.008 | C37: Enhancing perception for the visually impaired with deep learning techniques and low-cost wearable sensors | D37: 2020 | E37: Elsevier | F37: https://www.sciencedirect.com/science/article/abs/pii/S0167865519300881?via%3Dihub | G37: * Shirt-pocket miniature wireless RGB camera * smartphone , smart watch * Monocular Depth Estimation --> ResNet-50 backbone * Urban Object Detection:---> CNN detector : 7 urban obstacle classes * Spatial Discretization:---> Bins 3D space in front of the user into 9 sectors * Continuous 3-level intensity haptic feedback | H37: Included | I37: Deeplearning Techniques for Enhancing Perception for Visuall impaired | J37: * visually impaired people face the outdoor environment and connot detect teh distance of the obstacles * ETAs : Travel aids ---> relying on RGB camera , LIDAR are heavy , big , fail in sunlight , expensive | K37: * lightweigh , low cost , replace with physical depth sensors * monocular depth , couples with object dedector * descretizes 3d space , delivers continuous 3 intensity habtic vibration
A38: Abdalah | B38: https://doi.org/10.1016/j.neunet.2023.12.042 | C38: Bidirectional visual-tactile cross-modal generation using latent feature space flow model | D38: 2023 | E38: Elsevier | F38: https://www.sciencedirect.com/science/article/pii/S0893608023007499?via%3Dihub | G38: * Decoupled visual and tactile Variational Autoencoders * Conditional Flow Model * Contrastive Supervision: InfoNCE contrastive loss (CLIP-style) * Sensory Modalities & Datasets: Evaluated on Touch2Go and LMT multimodal datasets * Quantitative Results: Reaches SSIM | H38: Included | I38: artificial sensory substitution by translating 2D visual inputs into tactile representations | J38: * scale discrepancy ---> global scene geometry vs. localized tactile contact * heterogeneous gap ---> pixels vs. mechanical deformation/vibration * Prior cross-modal methods were strictly unidirectional or required training two separate, unstable GAN networks , leading to inconsistent representations and heavy computational cost. | K38: * A unified generative architecture that maps visual features and tactile signals into separate VAE latent spaces, connected by an invertible conditional flow model that bidirectionally translates visual scenes into realistic tactile representations with high semantic fidelity.
B39: https://ieeexplore.ieee.org/document/5165018 | C39: Wearable Obstacle Avoidance Electronic Travel Aids for Blind: A Survey | D39: 2010 | E39: IEEE | F39: https://ieeexplore.ieee.org/document/5165018 | G39: ------------------ | H39: Excluded | I39: Survey | J39: ------------------ | K39: ------------------
B40: https://doi.org/10.1007/s11042-021-11287-z | C40: Design and development of an indoor navigation system using denoising autoencoder based convolutional neural network for visually impaired people | D40: 2021 | E40: Springer | F40: https://link.springer.com/article/10.1007/s11042-021-11287-z | G40: * DAECNN Architecture * Multi-Angle Visual Localization --> Classifies 12 discrete viewing angles * Evaluation & Dataset---> Trained on 11,190 indoor frames | H40: Included | I40: Vision-Based Indoor Navigation & Visual Localization | J40: * GPS satellite signals cannot penetrate indoor environments * Alternative indoor positioning technologies ----> expensive, power consumpsion * Camera images captured while walking suffer from heavy motion blur, camera shaking, | K40: * Implements the DAECNN pipeline ---> enoising autoencoder to strip noise and motion blur * user positioning accuracy without external infrastructure
B41: https://doi.org/10.1007/s11042-023-16355-0 | C41: Development of a visual to audio and tactile substitution system for mobility and orientation of visually impaired people: a review | D41: 2023 | E41: Springer | F41: https://link.springer.com/article/10.1007/s11042-023-16355-0 | G41: * Sensory Substitution ---> visual-to-audio , visual-to-tactile * Reviews RGB cameras, depth sensors, ultrasonic transducers, and deep learning object/obstacle recognition models. | H41: Included | I41: Comprehensive Review of Visual-to-Tactile & Audio Sensory Substitution | J41: * white canes cannot detect elevated, head-height, or distant obstacles. * Existing assistive systems are non-adaptable, expensive, and heavily | K41: * prioritizing low-cost wearable tactile arrays that preserve hearing , simplify visual scene features into intuitive haptic patterns, and utilize structured user training protocols.
B42: https://doi.org/10.1049/ell2.70570 | C42: A Portable Intelligent Navigation System Based on Embedded Hybrid Computing for Visually Impaired People | D42: 2026 | E42: Wiley | F42: https://ietresearch.onlinelibrary.wiley.com/doi/10.1049/ell2.70570 | G42: * Multi-core STM32MP157F system * Hybrid Edge-Cloud Architecture * natural-language voice feedback for destination guidance and traffic | H42: Included | I42: Embedded System Design & Hybrid Vision-Tactile Navigation | J42: * risks at street intersections, pedestrian crossings, and outdoor sidewalks * Running deep visual-language models entirely on-device causes overheating * battery exhaustion , lag *cloud services risks complete failure in poor network coverage | K42: * A layered, hybrid embedded architecture where a multi-core STM32 * manages local low-latency sensor * high-level visual scene interpretation to cloud vision-language models
B43: https://doi.org/10.1007/s11554-023-01314-7 | C43: Enhanced data fusion of ultrasonic and stereo vision in real‑time obstacle detection | D43: 2023 | E43: Springer | F43: https://link.springer.com/article/10.1007/s11554-023-01314-7 | G43: * Ultrasonic and stereo vision sensor fusion, truncated local stereo matching * GPU CUDA parallel acceleration | H43: Included | I43: Sensing & Real-Time Obstacle Detection Algorithm | J43: * Full stereo matching requires high computational power * ultrasonic sensors suffer from poor angular resolution and wide beam reflection errors | K43: * Combines ultrasonic range cues with local stereo matchin * executing on GPU at 41 FPS speedup over unconstrained matching
B44: https://doi.org/10.1007/s10209-023-00973-4 | C44: Exploiting the haptic and audio channels to improve orientation and mobility apps for the visually impaired | D44: 2023 | E44: Springer | F44: https://link.springer.com/article/10.1007/s10209-023-00973-4 | G44: * Android touchscreen interface * GeoJSON digital map modeling * semantic RGB overlay layer for POI classification * Text-to-Speech (TTS) audio narration | H44: Included | I44: Multimodal Haptic/Audio Feedback & Cognitive Mapping for Navigation | J44: * navigation apps deliver isolated that fail to provide an allocentric environmental overview * while physical embossed tactile maps are static, , and expensive. | K44: * accessible Android prototype converting GeoJSON urban maps into interactive touchscreen
B45: https://doi.org/10.1109/TOH.2025.3616046 | C45: Exploring Tactile Perception: Development and Evaluation of the PinArray, a Novel Haptic Device | D45: 2025 | E45: IEEE | F45: https://ieeexplore.ieee.org/document/11186136 | G45: * PinArray haptic display * multi-touch mode actuation * frequency-differential tactile shape/edge encoding across RAI and RAII mechanoreceptors | H45: Included | I45: Tactile Display Hardware & Tactile Shape/Edge Perception | J45: * Conventional vibrotactile displays are restricted to low frequencies or uniform global vibrations * requency-differentiated stimulation across individual pins to render salient shapes and edges. | K45: * Developed the PinArray, featuring 12 independently controlled pins operating
B46: https://doi.org/10.3233/FAIA231495 | C46: Research on Multimodal Interaction Design Patterns for Visually Impaired People Under Sensory Compensation Theory | D46: 2024 | E46: IOS Press | H46: excluded | I46: Not authrized
B47: https://doi.org/10.1016/j.actpsy.2019.102950 | C47: Tactile aesthetics: Textures that we like or hate to touch | D47: 2019 | E47: Elsevier | F47: https://www.sciencedirect.com/science/article/abs/pii/S0001691819302008?via%3Dihub | H47: excluded | I47: out of scope & out dated
B48: https://doi.org/10.3389/fnhum.2014.00291 | C48: Successful tactile based visual sensory substitution use functions independently of visual pathway integrity | D48: 2014 | E48: Frontiers | F48: https://www.frontiersin.org/journals/human-neuroscience/articles/10.3389/fnhum.2014.00291/full | H48: excluded | I48: Not authrized & out dated
B49: https://doi.org/10.3233/FAIA231495 | C49: Research on Multimodal Interaction Design Patterns for Visually Impaired People Under Sensory Compensation Theory | D49: 2024 | E49: Sage | F49: https://ebooks.iospress.nl/doi/10.3233/FAIA231495 | H49: Included | I49: This paper is included because it focuses on visually impaired people and investigates how sensory compensation and multimodal interaction can support them in different situations. The paper uses the term visually impaired people broadly; it includes people with visual field disorders, color vision disorders, and people who still have some residual vision but cannot see clearly. It also categorizes their needs into three levels: safety needs, interaction needs, and spiritual needs. | J49: Visually impaired people face several difficulties in accessing information, navigation and travel, object recognition, and spatial perception. Although existing assistive solutions such as tactile flooring and sound guidance systems provide support, the interaction methods still need to be expanded and improved to address different users, needs, and scenarios. | K49: The paper argues that a single-sensory substitution approach is no longer sufficient to meet the diverse needs of visually impaired people across different environments. Each sense provides different and complementary information, so relying only on audio or only on tactile feedback may not be suitable for every situation. Therefore, the proposed solution is a multimodal interaction system based on sensory compensation theory, which combines multiple approaches, such as visual enhancement, auditory compensation, and tactile compensation, according to the user's needs and the interaction scenario. The researchers designed a game-viewing system for visually impaired people, consisting of an application side and a device side. The system supports different functions such as tournament information, navigation, accessible viewing, device connection, object recognition, venue tours, and calling volunteers. They created the interactive interface prototype using Axure RP and tested it on smartphones. The system was tested with 6 visually impaired participants aged 20–40, including 2 blind participants and 4 visually impaired participants. The evaluation focused on user friendliness, effectiveness, fault tolerance, and satisfaction. The results were generally positive: effectiveness scored 4.6/5 and satisfaction scored 4.7/5. However, the researchers found that multiple steps in the interface could cause user errors, so they suggested improvements such as auditory guidance, confirmation pop-ups, and physical differentiation of interface areas. Overall, the proposed design largely met the researchers' expectations.
A50: Habiba | B50: https://doi.org/10.1016/j.actpsy.2019.102950 | C50: Tactile aesthetics: Textures that we like or hate to touch | D50: 2019 | E50: Elsevier | F50: https://www.sciencedirect.com/science/article/abs/pii/S0001691819302008?via%3Dihub | G50: X | H50: Excluded | I50: Excluded Bec the paper focuses on general tactile texture perception, examining how people distinguish between different surface textures and whether they find them pleasant or unpleasant to touch. It is not focused on blind or visually impaired users and does not investigate haptic feedback using active mechanisms such as pressure-based pins to convey information. Therefore, it is outside the scope of our research. | J50: X | K50: X
B51: https://doi.org/10.3389/fnhum.2014.00291 | C51: Successful tactile based visual sensory substitution use functions independently of visual pathway integrity | D51: 2014 | E51: Frontiers in Human Neuroscience | F51: https://www.frontiersin.org/journals/human-neuroscience/articles/10.3389/fnhum.2014.00291/full | G51: X | H51: Excluded | I51: This paper is excluded because it does not meet the required publisher criteria. | J51: X | K51: X
B52: https://doi.org/10.1007/s10846-023-01824-3 | C52: Haptic Feedback Remote Control System for Electric Mechanical Assembly Vehicle Developed to Avoid Obstacles | D52: 2023 | E52: Springer Nature | F52: https://link.springer.com/article/10.1007/s10846-023-01824-3 | G52: X | H52: Excluded | I52: Excluded although the study uses LiDAR and haptic feedback to convey obstacle-distance information, it focuses on remote vehicle control and obstacle avoidance rather than assistive technology for blind or visually impaired people. | J52: X | K52: X
B53: 10.1109/TVCG.2021.3136214 | C53: HaptoMapping: Visuo-Haptic Augmented Reality by Embedding User-Imperceptible Tactile Display Control Signals in a Projected Image | D53: 2022 | E53: IEEE | F53: https://www.researchgate.net/publication/357424856_HaptoMapping_Visuo-Haptic_Augmented_Reality_by_Embedding_User-Imperceptible_Tactile_Display_Control_Signals_in_a_Projected_Image | G53: X | H53: Excluded | I53: excluded Bec focuses on visuo-haptic augmented reality, texture presentation, and social touch rather than assistive technology for blind or visually impaired people. | J53: X | K53: X
B54: 10.1109/EMBC.2013.6610223 | C54: A tactile vision substitution system for the study of active sensing | D54: 2013 | E54: IEEE | F54: https://ieeexplore.ieee.org/document/6610223 | H54: Included | I54: Included because it focuses on assisting blind and visually impaired people by converting visual information into tactile stimulation. The proposed TVSS allows users to explore surrounding objects through touch instead of vision and supports object recognition and environmental exploration. It is particularly relevant to sensory substitution because it presents a practical implementation of visual-to-tactile substitution and investigates how blind users actively explore their surroundings using tactile feedback. | J54: Traditional Tactile Vision Substitution Systems (TVSS) have limited tactile resolution compared with the large amount of information contained in visual images. Therefore, visual information cannot be directly transferred to the tactile device without processing and reducing its resolution. Traditional systems can also suffer from problems such as light reflection, noise, texture artifacts, and loss of object features. Moreover, because tactile resolution is limited, users need to actively move the camera to explore objects, making it important to understand their active sensing strategies | K54: The researchers developed an improved Tactile Vision Substitution System (TVSS) that converts visual information captured by a camera into simplified tactile information that can be perceived through the fingers. The proposed system contains two main subsystems: 1. Image Processing Subsystem: reduces the resolution of camera images while preserving important object features and converts them into binary images suitable for the tactile stimulation device. 2. Trajectory Tracking Subsystem: tracks the movement of the active camera while the user explores objects, allowing researchers to analyze the user's active sensing strategy.
B55: https://doi.org/10.1177/10711813251360704 | C55: The Multimodal Exhibition: Tangible Interactions for People With Visual Impairments | D55: 2025 | E55: Sage | F55: https://journals.sagepub.com/doi/10.1177/10711813251360704
B56: 10.1016/j.ijhcs.2007.08.001 | C56: Haptic-feedback support for cognitive mapping of unknown spaces by people who are blind | D56: 2008 | E56: Elsevier | F56: linkinghub.elsevier.com/retrieve/pii/S1071581907001012
B57: https://doi.org/10.1186/s41235-020-00240-7 | C57: Multisensory inclusive design with sensory substitution | D57: 2020 | E57: Springer Nature | F57: https://link.springer.com/article/10.1186/s41235-020-00240-7
B58: https://doi.org/10.1177/1460458222111260 | C58: Multi-obstacle aware smart navigation system for visually impaired people in fog connected IoT-cloud environment | D58: 2022 | E58: Sage | F58: https://journals.sagepub.com/doi/10.1177/14604582221112609
B59: https://doi.org/10.1080/17483107.2025.2463541 | C59: Multi-faceted sensory substitution using wearable technology for curb alerting: a pilot investigation with persons with blindness and low vision | D59: 2025 | E59: Taylor & Francis | F59: https://www.tandfonline.com/doi/full/10.1080/17483107.2025.2463541 | G59: X | H59: Excluded | I59: This paper is excluded because it does not meet the required publisher criteria. | J59: X | K59: X
B60: https://dx.doi.org/10.1109/ACCESS.2024.3419102 | C60: Impact of Device and Environment on Visual-Auditory Sensory Substitution: A Comprehensive Behavioral Analysis Using the vOICe Algorithm | D60: 2024 | E60: IEEE | F60: https://ieeexplore.ieee.org/document/10571914/
B61: 10.3233/RNN-221279 | C61: Sensory augmentation for a rapid motor task in a multisensory environment | D61: 2023 | E61: Sage | F61: https://journals.sagepub.com/doi/10.3233/RNN-221279 | G61: Use sensory substitution and augmentation systems (SSASys) to enhance human perceptual abilities by translating information about the world into a new format Development in sensors and wearable devices to replace the sense of sight with hearing. SSASys can augment and coordinate with existing sensorimotor skills rather than being limited to replacement use cases | H61: included | I61: related to sensor substitution | J61: it could be that the systems that control rapid and accurate hand movement are not easily penetrable by a SSASy. Findings from interception tasks already suggest a complex and subtle interplay between vision, planning, interoception, and the muscular-skeletal system | K61: we asked healthy sighted participants to play a stripped-down version of air hockey in an immersive virtual environment. It involved hitting a rapidly oncoming puck before it hit the closest edge of the virtual table, similar to previous manual interception tasks
A62: Hend | B62: 10.1016/j.neubiorev.2007.05.010 | C62: What neuroimaging tells us about sensory substitution | D62: 2007 | E62: Elsevier | F62: https://www.sciencedirect.com/science/article/abs/pii/S0149763407000668?via%3Dihub | H62: Excluded
B63: 10.1109/TCE.2024.3366763 | C63: ODD-M3D: Object-Wise Dense Depth Estimation for Monocular 3-D Object Detection | D63: 2024 | E63: IEEE | F63: https://ieeexplore.ieee.org/document/10438849 | G63: we create a sampling space and obtain the ground truth by moving them from the sampling space to the object space | H63: included | I63: Depth Estimation for Monocular 3-D Object Detection | J63: estimating depth from a single 2D image remains challenging due to the typical ill-posed nature of the problem | K63: we propose a new method that improves depth estimation accuracy by randomly sampling object-wise points instead of relying on a single center point,
B64: 10.1177/20556683251316305 | C64: The development of a wearable goggle echolocation device to support people who are visually impaired with unhindered and unaided movement | D64: January 23, 2025 | E64: Sage | F64: https://journals.sagepub.com/doi/10.1177/20556683251316305 | G64: The wearable echolocation device was developed using three ultrasonic sensors, one placed in the right, left, and middle of the goggle with each connected to a buzzer | H64: included (IMPORTANT)
C65: EMPOWERING VISUALLY IMPAIRED INDIVIDUALS WITH HOLISTIC ASSISTANCE USING REAL-TIME SPATIAL AWARENESS SYSTEM | D65: 45413 | H65: Excluded | I65: unknown
C66: Computer Vision for Assistive Technologies: Enhancing Environmental Perception for the Visually Impaired | D66: 45778 | H66: Excluded | I66: unknown
B67: https://doi.org/10.1016/j.heliyon.2024.e31825 | C67: A comprehensive review of navigation systems for visually impaired individuals | D67: 45458 | E67: heliyon | F67: https://www.cell.com/heliyon/fulltext/S2405-8440(24)07856-3?_returnURL=https%3A%2F%2Flinkinghub.elsevier.com%2Fretrieve%2Fpii%2FS2405844024078563%3Fshowall%3Dtrue | H67: Excluded | I67: unknown
C68: Recruitment of Occipital Cortex during Sensory Substitution Training Linked to Subjective Experience of Seeing in People with Blindness | D68: 40765 | E68: plos one | H68: Excluded | I68: unknown
E69: mdpi | H69: Excluded | I69: unknown
H70: Excluded | I70: unknown
H71: Excluded | I71: unknown
H72: Excluded | I72: unknown
B73: 10.1007/s12559-026-10547-0 | C73: Multi-modal Zebra Crossing Detection Framework for Visually Impaired Navigation | D73: 2026 | E73: Springer | F73: https://link.springer.com/article/10.1007/s12559-026-10547-0 | G73: YOLOv11 - Hough Line Transform (HLT) - Haze U-Net + LeNet-MFCN - CNN + Cross-Attention - Text-to-Speech (TTS) | H73: Included | I73: The AI-powered navigation system detects pedestrian crossings, traffic signals, and obstacles, assisting the blind and visually impaired. This is linked to the "Super Brain" initiative, which focuses on technologies that ensure highly safe navigation. | J73: Blind individuals face challenges such as the high cost of assistive technologies, limited datasets, overfitting, and poor detection in low-light conditions, fog, and complex traffic situations. | K73: MZCDFVIN + YOLOv11 + HLT + CNN + Haze U-Net + LeNet + SROA for real-time detection and navigation assistance.
A74: mostafa | B74: 10.1007/s12193-025-00463-2 | C74: Haptic and auditory cues: a study on independent navigation for visually impaired individuals | D74: 2025 | E74: Springer | F74: https://link.springer.com/article/10.1007/s12193-025-00463-2 | G74: Intel RealSense D435i stereo vision camera - Depth-map processing & obstacle detection - Odroid-N2 single-board computer - Wearable haptic belt with - 22 vibrating actuators - Auditory feedback / speakers - Bluetooth | H74: Included | I74: Paper is developing a wearable device that utilizes haptic and auditory signals to help the blind and visually impaired move around freely. This initiative is linked to the Super Brain project, as it focuses on leveraging technology to assist individuals with visual impairments. | J74: Current assistive navigation systems struggle to convert visual information into tactile or auditory information in a way that is easy to understand. | K74: Stereo vision + depth processing + haptic belt + auditory feedback + user-controlled operating modes.
B75: 10.1007/s12193-024-00447-8 | C75: The effects of haptic, visual and olfactory augmentations on food consumed while wearing an extended reality headset | D75: 2024 | E75: Springer | F75: https://link.springer.com/article/10.1007/s12193-024-00447-8 | G75: Varjo XR-3 extended reality headset - QR-code tracking cube - Electromagnetic actuators - Arduino control system - Olfactory necklace display - Air compressor + odor bottles | H75: Included | I75: Paper employs haptic, visual, and olfactory feedback delivered via an extended reality headset to alter how people perceive food. this is linked to the Super Brain concept, as it utilizes sensory-based technology to modify human sensory perception. | J75: Plant-based foods can be healthier and more sustainable, but they may not provide the same pleasant eating experience people expect from conventional foods. | K75: A multisensory XR system combining visual + haptic + olfactory augmentation.
B76: 10.1007/s12193-023-00427-4 | C76: Review of substitutive assistive tools and technologies for people with visual impairments: recent advancements and prospects | D76: 2023 | E76: Springer | F76: https://link.springer.com/article/10.1007/s12193-023-00427-4 | G76: Electronic Travel Aids (ETAs) - Sensory substitution devices - Computer vision systems - Wearable haptic devices - Audio-based navigation systems - AI and machine learning | H76: Included | I76: The paper explores assistive and sensory-based technologies designed for the blind and visually impaired including visual, auditory, and tactile systems. This ties into the Super Brain concept, as it involves technologies that compensate for the sense of sight or support it by utilizing other sensory inputs. | J76: There are various technologies designed primarily to assist visually impaired individuals with their work, but they suffer from issues regarding ease of use and ease of learning. | K76: User-centered + multimodal assistive technology, with visually impaired users involved throughout design and testing.
B77: 10.1007/s12193-021-00376-w | C77: SoundSight: a mobile sensory substitution device that sonifies colour, distance, and temperature | D77: 2021 | E77: Springer | F77: https://link.springer.com/article/10.1007/s12193-021-00376-w | G77: Mobile sensory substitution device - Colour sensor - Distance sensor - Temperature sensor - Sonification system - Headphones | H77: Included | I77: The video showcases a device called SoundSight, designed for sensory substitution. it converts color, distance, and temperature into sounds to assist visually impaired users. This is naturally linked to the Super Brain concept, as it relies on alternative sensory inputs to help users understand their surroundings. | J77: It is difficult to rely on current sensory substitution devices in the long term due to their high cost and the difficulty of learning how to use them. | K77: SoundSight converts visual/depth/thermal information into real-time sounds using a smartphone and different sensors
B78: 10.1007/s11042-026-21198-6 | C78: BLE and surveillance camera-based navigation system for visually impaired people | D78: 2026 | E78: Springer | F78: https://link.springer.com/article/10.1007/s11042-026-21198-6 | G78: BLE (Bluetooth Low Energy) - Surveillance cameras - Computer vision - AI-based object/obstacle detection - Navigation system | H78: Included | I78: Paper is developing a navigation system for the blind and visually impaired that utilizes BLE, surveillance cameras, and AI to detect obstacles. This initiative is linked to the Super Brain project, as it provides assistive navigation technology for users such as the blind and those with low vision.
B79: 10.1007/s11042-026-21158-0 | C79: Enhancing the experience of film with a wearable tactile/ haptic suit | D79: 2026 | E79: Springer | F79: https://link.springer.com/article/10.1007/s11042-026-21158-0 | G79: Wearable Bubble Suit - Pressure-based Haptic Feedback - Arduino control system - Air Pump - PVC Air Bubbles - Silicone Air Tubes - Noise-cancelling headphones | H79: ُExcluded
B80: 10.1007/s00530-025-02139-z | C80: Assisting blind people with AI and audio using smart glasses: system design with YOLOv8 variants comparisons | D80: 2026 | E80: Springer | F80: https://link.springer.com/article/10.1007/s00530-025-02139-z | G80: Vuzix Blade 2 Smart Glasses - YOLOv8 - Simple Online and Realtime Tracking - Distance Estimation - Azure AI Vision / OCR - Microsoft Cognitive Speech Service - TensorFlow Lite - OpenCV - WebSocket - Unity | H80: Included | I80: Paper is developing AI-powered smart glasses that feature object detection, optical character recognition (OCR), and audio feedback to help the blind navigate safely. This initiative is linked to the Super Brain concept, as it combines AI with sensory assistance to support users with visual impairments.
B81: 10.1007/s00221-026-07309-7 | C81: Agents’ awareness of visuo-motor incongruency determines changes in haptic sensitivity | D81: 2026 | E81: Springer | F81: https://link.springer.com/article/10.1007/s00221-026-07309-7 | G81: Robotic manipulandum - Visual feedback system - Haptic stimulation - Visuo-motor perturbation - Force/position sensors | H81: included | I81: The paper examines how individuals awareness of visual and motor changes affects tactile sensitivity.
B82: 10.1007/s00221-021-06181-x | C82: Tactile spatial discrimination on the torso using vibrotactile and force stimulation | D82: 2021 | E82: Springer | F82: https://link.springer.com/article/10.1007/s00221-021-06181-x | G82: Vibrotactile actuators - Force-feedback actuators - Wearable tactile vest - Vibrotactile stimulation system - Force stimulation system | H82: ُExcluded | I82: The paper discusses vibration and pressure stimulation using haptic vests capable of covering the torso.
B83: 10.1016/j.brainres.2015.06.033 | C83: The role of visual deprivation and experience on the performance of sensory substitution devices | D83: 2015 | E83: Elsevier | F83: https://www.sciencedirect.com/science/article/abs/pii/S0006899315005156?via%3Dihub | G83: Vibrotactile technology - Force-feedback technology | H83: Included | I83: The paper discusses sensory substitution devices and how the visual experience influences their performance. This study offers a significant advantage the concept of a super brain as it involves specific technologies that enable users to process information through alternative sensory inputs. | J83: People who use sensory substitution devices often require a significant amount of training to understand the alternative sensory information. | K83: The solution lies in intensive training and experience two important elements for improving performance.
B85: https://doi.org/10.1186/s12984-021-00935-y | C85: Enabling visually impaired people to learn three‐dimensional tactile graphics with a 3DOF haptic mouse | D85: 2021 | E85: Springer | F85: https://link.springer.com/article/10.1186/s12984-021-00935-y | G85: The TActile MOuse 3 (TAMO3) - Haptic Sensory Substituion | H85: included | I85: this paper presents a novel sensory substitution system that enables to learn three dimensional digital information via touch when vision is unavailable. | J85: three dimensional digital information is difficult to see and visually impaired people can't see it | K85: A mouse-shaped device, designed to jointly perceive, with one finger only, local tactile height and inclination cues of arbitrary scalar fields.
A86: Farah | B86: https://doi.org/10.3758/s13414-024-02959-7 | C86: Viewed touch influences tactile detection by altering decision criterion | D86: 2024 | E86: Springer | F86: https://link.springer.com/article/10.3758/s13414-024-02959-7 | G86: Vicarious Tactile activation - Tactile perception - Visual information | H86: included | I86: this paper discusses the tactile perception when people see visual information | J86: to know if visual information enhances tactile perception or it enhances the decision making | K86: These findings suggest that viewing touch influences tactile performance by altering tactile decision mechanisms rather than the tactile perceptual signal
B87: 10.1186/s40580-026-00552-2 | C87: Advances in neuroprostheses: interfaces, materials, and applications | D87: 2026 | E87: Springer | F87: https://link.springer.com/article/10.1186/s40580-026-00552-2 | G87: Nanotechnology - neuroprostheses | H87: included | I87: This review examines the critical role of nanotechnology in building high performance neuroprostheses across six key classes: motor, visual, tactile, language, memory and olfactory | J87: Biological systems struggle to communicate with electronic systems due to a mismatch at the neural interface. | K87: using nanotechnology
B88: 10.1186/s41235-023-00495-w | C88: A direct comparison of sound and vibration as sources of stimulation for a sensory substitution glove | D88: 2023 | E88: Springer | F88: https://link.springer.com/article/10.1186/s41235-023-00495-w | G88: sensory substitution devices - adequacy of touch - adequacy of hearing | H88: included | I88: this paper discusses that touch and hearing can substitute for visual information | J88: autonomous mobility of visually impaired people | K88: Sensory substitution devices (SSDs) are designed to improve navigation
B89: s41378-026-01190-8 | C89: Complementary visual localization and tactile mapping approach for robotic perception of millimeter-sized objects with irregular surfaces | D89: 2026 | E89: Nature | F89: https://www.nature.com/articles/s41378-026-01190-8 | G89: visual localization - tactile sensing | H89: included | I89: This study provides a technological foundation for enhancing the autonomy and adaptability of humanoid robots in unpredictable and unstructured environments, particularly to support precise robot manipulation in such conditions. | J89: robots can't percieve small and irregular objects | K89: Foundation for sensory substitution systems that help robots percieve small and irregular objects
B90: x | H90: Excluded
B91: x | H91: Excluded
B92: x | H92: Excluded
B93: x | H93: Excluded
B94: x | H94: Excluded
B95: x | H95: Excluded
B96: x | H96: Excluded
B97: x | H97: excluded
A98: Fathy | B98: https://doi.org/10.1038/s41539-025-00385-4 | C98: Learning visual to auditory sensory substitution reveals flexibility in image to sound mapping | D98: 2026 | E98: Nature | F98: https://www.nature.com/articles/s41539-025-00385-4 | G98: The vOICe Visual-to-auditory sensory substitution Sensory Substitution Device (SSD) Image-to-sound mapping Spectral-temporal acoustic mapping Pitch-based spatial encoding Time-based spatial encoding Amplitude encoding for pixel brightness | H98: included | I98: The paper presents and evaluates a relevant assistive technology for visual information accessibility, specifically The vOICe visual-to-auditory sensory substitution device (SSD), which converts visual information into sound using structured image-to-sound mappings. | J98: There is limited empirical evidence comparing fundamentally different image-to-sound axis mappings in visual-to-auditory sensory substitution systems, so it is unclear whether users must rely on the traditional pitch–elevation / time–horizontal mapping or can learn alternative mappings effectively. | K98: The study compares the traditional The vOICe image-to-sound mapping with a reversed mapping and a control condition to test whether users can learn alternative visual-to-auditory mappings effectively.
B99: https://doi.org/10.1038/s41539-025-00385-4 | C99: Learning visual to auditory sensory substitution reveals flexibility in image to sound mapping | D99: 2025 | E99: Nature | F99: https://www.nature.com/articles/s41539-025-00385-4 | G99: The vOICe; Sensory Substitution Device (SSD); Visual-to-auditory sensory substitution; Image-to-sound mapping; Spectral-temporal acoustic mapping; Pitch-based spatial encoding; Time-based spatial encoding; Amplitude encoding | H99: included | I99: The study evaluates The vOICe, a visual-to-auditory sensory substitution technology designed to convert visual information into sound and support access to visual information. | J99: There is limited empirical work directly comparing fundamentally different image-to-sound axis mappings, leaving uncertainty about whether learning is constrained by traditional cross-modal correspondences such as pitch for elevation. | K99: The study compares the traditional The vOICe mapping with a reversed image-to-sound mapping and an arbitrary control mapping to determine whether users can effectively learn alternative structured visual-to-auditory mappings.
B100: 10.1016/j.tics.2008.07.004 | C100: Parahippocampal and retrosplenial contributions to human spatial navigation | D100: 2008 | E100: Elsevier | F100: https://www.sciencedirect.com/science/article/abs/pii/S136466130800199X? | G100: Neuroimaging fMRI Parahippocampal Place Area (PPA) Retrosplenial Complex (RSC) Spatial cognition and navigation | H100: included | I100: Because it is published by Elsevier and directly discusses human spatial navigation, including the brain mechanisms involved in understanding scenes | J100: The paper addresses the fact that the neural systems supporting human spatial navigation were not fully understood, especially the specific roles of the parahippocampal and retrosplenial regions | K100: The paper reviews neuroimaging, neuropsychology, neuroanatomy, and neurophysiology findings to explain how the PPA represents local visual scenes while the RSC helps place those scenes within the wider environment and supports navigation toward locations that may not be currently visible
B101: 10.1038/s41598-020-59102-3 | C101: Poor resolution at the back of the tongue is the bottleneck for spatial pattern recognition | D101: 2020 | E101: Nature | F101: https://www.nature.com/articles/s41598-020-59102-3 | G101: BrainPort Vision Pro Head-mounted camera Electro-tactile sensory substitution Tongue stimulation 20 × 20 electrode array Visual-to-tactile information conversion | H101: included | I101: directly relevant to sensory substitution for blind people, especially using the tongue to receive visual information through electro-tactile stimulation
B102: x | H102: excluded
...

Sheet Fathy
B1: Paper's DOI | C1: Title | D1: Publication Year | E1: Publisher | F1: paper URL | G1: Technology | H1: Included or Excluded | I1: Reason for inclusivity | J1: Problem | K1: Solution | L1: Main Tags | M1: Another Tags
A2: David | B2: 10.1016/j.bcp.2025.116272 | C2: A quantitative assessment of EOG eye tracking during free viewing in sighted and in congenitally blind | D2: 2025 | E2: Elsevier | F2: https://www.sciencedirect.com/science/article/pii/S0006899325003555?via%3Dihub | G2: Electrooculography (EOG) Video-Based Eye Tracking SMI Eye-Tracking Glasses Smarting Mobile EEG g.HIamp Amplifier BioSemi EEG vEOG / hEOG Blink Detection Saccade Detection The vOICe | H2: included | J2: Limited exploration of EOG in naturalistic/free-viewing conditions Video-based tracking can fail in blind individuals due to pupil abnormalities or eyelid control Need to detect eye movements without visual fixation | K2: EOG-based detection of blinks and saccades Comparison with video-based eye tracking Testing under light, darkness, eyes-closed, and congenital blindness Demonstrated that EOG can detect eye movements in blind participants
B3: 10.1016/j.neuroimage.2025.121652 | C3: Long-term visual-to-tactile stimulation induces functional reorganization of thalamic pathways to achieve visual perception | D3: 2025 | E3: Elsevier | F3: https://www.sciencedirect.com/science/article/pii/S105381192500655X?via%3Dihub | G3: Sensory Substitution Device (SSD) Visual-to-Tactile Conversion Tactile Stimulation Resting-State fMRI Functional Connectivity Analysis Thalamic/Occipital Brain Imaging | H3: included | J3: Limited understanding of how long-term tactile sensory substitution produces visual perception. Unclear how the brain reorganizes its pathways during prolonged SSD use. | K3: Long-term visual-to-tactile stimulation/training. Investigation of changes in thalamic–occipital connectivity to understand the neural mechanism.
B4: 10.1016/j.neuroimage.2021.118029 | C4: Topographic maps and neural tuning for sensory substitution dimensions learned in adulthood in a congenital blind subject | D4: 2021 | E4: Elsevier | F4: https://www.sciencedirect.com/science/article/pii/S1053811921003062?via%3Dihub | G4: Auditory Sensory Substitution Device 2D Auditory Soundscape Pitch Encoding Temporal Encoding Population Receptive Field Mapping fMRI | H4: included | J4: How the adult brain represents newly learned sensory dimensions in a person who is congenitally blind. | K4: Convert spatial information into auditory dimensions. Train the participant to interpret the auditory representation. Analyze the resulting neural maps and tuning.
B5: 10.1016/j.neuroimage.2024.120621 | C5: Visual Mental Imagery and Neural Dynamics of Sensory Substitution in the Blindfolded Subjects | D5: 2024 | E5: Elsevier | F5: https://www.sciencedirect.com/science/article/pii/S1053811924001162?via%3Dihub | G5: Auditory Sensory Substitution Visual-to-Auditory Encoding Soundscape Stimuli Functional MRI Dynamic Causal Modeling (DCM) Visual Mental Imagery | H5: included | J5: How sensory-substitution information is processed by the brain. Whether auditory sensory substitution can engage visual mental imagery. | K5: Train subjects to interpret auditory representations of visual shapes. Use neuroimaging and DCM to analyze the resulting brain-network dynamics.
B6: 10.1177/0145482X19842491 | C6: A Haptic Navigation Aid for Individuals with Visual Impairments: Indoor and Outdoor Feasibility Evaluations of the LaserNavigator | D6: 2019 | E6: SAGE Publications | F6: https://journals.sagepub.com/doi/10.1177/0145482X19842491 | G6: Laser Rangefinder Haptic Feedback Vibrating Actuator Handheld Device Virtual White Cane Variable Virtual Cane Length | H6: included | J6: Conventional white canes have a limited detection range. | K6: Use a laser rangefinder to detect objects beyond normal cane range. Convert measured distance into haptic feedback.
B7: 10.5220/0006617505550562 | C7: Wearable RGB Camera-based Navigation System for the Visually Impaired | D7: 2018 | E7: SciTePress | F7: https://www.scitepress.org/PublishedPapers/2018/66175/ | H7: Excluded | I7: Published by SciTePress
B8: 10.1609/aaai.v37i2.25233 | C8: BEVDepth: Acquisition of Reliable Depth for Multi-View 3D Object Detection | D8: 2023 | E8: AAAI | F8: https://ojs.aaai.org/index.php/AAAI/article/view/25233 | H8: Excluded | I8: Because it falls in a different feild of study and is published by AAAI
B9: 10.1109/EMBC.2013.6611022 | C9: Electrotactile vision substitution for 3D trajectory following | D9: 2013 | E9: IEEE | F9: https://ieeexplore.ieee.org/document/6611022 | H9: Excluded | I9: Published in 2013 and The linked IEEE document does not appear to correspond to the assistive-vision/navigation research needed for your review
B10: 10.1109/EIT51626.2021.9491913 | C10: Visually Impaired Indoor Navigation using YOLO Based Object Recognition, Monocular Depth Estimation and Binaural Sounds | D10: 2021 | E10: IEEE | F10: https://ieeexplore.ieee.org/document/9491913 | G10: Monocular RGB Camera Deep Learning ResNet-50 Backbone Encoder–Decoder Network YOLOv8 Object Detection Monocular Depth Estimation Object Distance Estimation D-Far250 Dataset KITTI Dataset Binaural/Spatial Audio HRTF | H10: included | J10: Difficulty detecting objects and understanding their distance and spatial position during indoor navigation. | K10: YOLO detects objects. Monocular depth estimation estimates object distance. Spatial information is converted into binaural audio. Audio provides directional and distance information to the user.
B11: 10.1109/TITS.2022.3161141 | C11: Trans4Trans: Efficient Transformer for Transparent Object and Semantic Scene Segmentation in Real-World Navigation Assistance | D11: 2021 | E11: arXiv | F11: https://ieeexplore.ieee.org/document/9743965 | G11: RGB-D Camera Portable GPU Trans4Trans Transformer Transformer Parsing Module (TPM) Semantic Segmentation Transparent Object Segmentation Depth Information Bone-Conduction Earphone | H11: included | J11: Transparent objects such as glass doors and glass walls can be incorrectly interpreted as free/walkable space. | K11: Detect transparent objects separately. Combine transparent-object segmentation with semantic segmentation and depth information. Provide navigation feedback to the visually impaired user.
B12: 10.1109/TOH.2021.3138590 | C12: In-Device Feedback in Immersive Head-Mounted Displays for Distance Perception During Teleoperation of Unmanned Ground Vehicles | D12: 2022 | E12: arXiv | F12: https://ieeexplore.ieee.org/document/9664257 | H12: Excluded | I12: Different feild of study (The actual application is remote control of unmanned ground vehicles0
B13: 10.48550/arXiv.2201.04453 | C13: Obstacle Avoidance for Blind People Using a 3D Camera and a Haptic Feedback Sleeve | D13: 2022 | E13: arXiv / CoRR | F13: https://arxiv.org/abs/2201.04453 | G13: Intel RealSense D415 3D Camera 3D Point Cloud Depth Mapping AAEON Up Board 5×5 Haptic Feedback Sleeve Vibration Motor Array Spatial Depth-to-Haptic Mapping 3D-Printed Glasses | H13: included | J13: Limited obstacle detection range using conventional aids. Difficulty providing multidimensional information about obstacles. Some existing approaches depend on lighting conditions. | K13: Capture 3D depth information using the RealSense camera. Convert the depth map into a 5×5 spatial representation. Map each region to a corresponding vibration motor. Use vibration intensity to communicate obstacle distance.
A14: salma | B14: 10.1080/23311916.2025.2560974 | C14: An assistive haptic-based obstacle avoidance system for individuals with profound visual impairment | D14: 2025 | E14: Taylor & Francis | F14: https://www.tandfonline.com/doi/full/10.1080/23311916.2025.2560974 | G14: X | H14: Excluded | I14: because paper published by taylor that not included in our scope | J14: X | K14: X
B15: https://doi.org/10.1002/aisy.70450Digital Object Identifier (DOI) | C15: Enhanced Monocular Depth Estimation Using ResNet Backbone and Multiscale Feature Decoding for Precise Object Distance Measurement | D15: 2026 | E15: Wiley | F15: https://advanced.onlinelibrary.wiley.com/doi/10.1002/aisy.70450 | H15: included
C16: Duplicated | H16: Execlauded | I16: because paper published by taylor that not included in our scope
C17: Sight Guide: A Wearable Assistive Perception and Navigation System for the Vision Assistance Race in the Cybathlon 2024 | D17: 2025 | E17: Arixiv | H17: Excluded | I17: because paper published by taylor that not included in our scope
B18: 10.1109/ICRA40945.2020.9196782 | C18: A Visual Positioning System for Indoor Blind Navigation | D18: 2020 | E18: IEEE | F18: https://www.researchgate.net/publication/339725908_A_Visual_Positioning_System_for_Indoor_Blind_Navigation | H18: included
B19: 10.1109/ACCESS.2023.3244073 | C19: A Survey on Outdoor Navigation Applications for People With Visual Impairments | D19: 2023 | E19: IEEE | F19: https://ieeexplore.ieee.org/document/10041898 | H19: included
B20: https://doi.org/10.1016/j.eswa.2023.121065 | C20: A data fusion framework based on heterogeneous information network embedding for trigger-action programming in IoT | D20: 2023 | E20: Elsevier | F20: https://www.sciencedirect.com/science/article/abs/pii/S0957417423015671?via%3Dihub | H20: included
B21: https://doi.org/10.48550/arXiv.2511.10026 | C21: Grating haptic perception through touchscreen: Sighted vs. Visually Impaired | D21: 2026 | E21: arXiv | F21: https://arxiv.org/abs/2511.10026v3 | G21: X | H21: Excluded | I21: because paper published by arix that not included in our scope | J21: X | K21: X
B22: https://doi.org/10.1007/s42486-023-00136-7 | C22: A smart obstacle avoiding technology based on depth camera for blind and visually impaired people (Commentry) | D22: 2023 | E22: Springer | F22: https://link.springer.com/article/10.1007/s42486-023-00136-7 | H22: Excluded
B23: 10.1177/20552076251408522 | C23: Sensory-driven micro-interventions for improved health and wellbeing | D23: 2025 | E23: Sage | F23: https://journals.sagepub.com/doi/10.1177/20552076251408522 | H23: included
H25: Excluded
A26: Taha | B26: 10.3233/APC210058 | C26: A Robotic Assisted System Using Deep Learning for Navigation and Reading IoT Based Home Automation for Visually Impaired | D26: 2021 | E26: IOS Press | F26: https://ebooks.iospress.nl/doi/10.3233/APC210058 | G26: X | H26: Excluded | I26: because paper published by IOS press that not included in our scope | J26: X | K26: X
B27: 10.1196/annals.1305.006 | C27: Tactile Sensory Substitution Studies | D27: 2004 | E27: Wiley | F27: https://nyaspubs.onlinelibrary.wiley.com/doi/epdf/10.1196/annals.1305.006 | G27: camera - Sensory Substitution - Tongue Electrotactile Interface - Vibrotactile Stimulation | H27: included | I27: The paper is included because it helps blind users by explaining sensory substitution by info from camera converted into tactile information that brain can learn to understand | J27: problem is to how to provide a visiual info to blind peoples by using tactile stimulation the chalenge is to create an effective brain -machine interface(BMI) | K27: the paper uses: 1-sensory substitution system : converts visual info from a camera into tactile (electrotactile stimulation) 2-stimulation is delivered through tactile arrays 3-electrotactile interface on the tongue 4-allow brain to learn and interpert the info
B28: 10.1016/j.asej.2023.102387 | C28: An effective obstacle detection system using deep learning advantages to aid blind and visually impaired navigation | D28: 2024 | E28: Elsevier | F28: https://www.sciencedirect.com/science/article/pii/S2090447923002769?via%3Dihub | G28: Deep Learning Modified YOLOv5 Computer Vision Obstacle/Object Detection Indoor & Outdoor Environment Model optimization for deployment on embedded devices | H28: included | I28: Paper focus on obstacle detection for blind using YOLOv5 model it cover indoor andoutdoor objects and uses optimization method to make model lightweight | J28: Blind and visually impaired people have difficulty detecting obstacles and navigating safely in their surroundings. | K28: The paper proposes a modified YOLOv5-based obstacle detection system to detect objects/obstacles and provide information that can assist blind and visually impaired users during navigation
B29: 10.1109/JAS.2021.1004084 | C29: An RGB-D Camera Based Visual Positioning System for Assistive Navigation by a Robotic Navigation Aid | D29: 2021 | E29: IEEE | F29: https://www.ieee-jas.net/article/doi/10.1109/JAS.2021.1004084?pageType=en | G29: RGB-D Camera IMU Visual-Inertial Odometry (VIO) 6-DOF Pose Estimation Particle Filter Localization Indoor CAD/Floor Plans Path Planning & Obstacle Avoidance Real-time processing | H29: Included | I29: Because it focuses on assistiv navigation for impaired users and combine computer vision with RGB and real time navigation | J29: blind people need reliable navigation assistance in large indoor environments Existing mobility tools such as white canes and guide dogs do not provide electronic localization/navigation information | K29: The paper develops a real-time visual positioning system for a robotic navigation aid. It combines an RGB-D camera + IMU to estimate the device's 6-DOF pose, then uses a particle filter and indoor CAD floor-plan information to reduce localization error and support wayfinding
C30: duplicated | H30: Excluded
B31: X | C31: X | D31: X | E31: Taylor & Francis | F31: https://www.tandfonline.com/doi/epdf/10.1080/23311916.2025.2560974?needAccess=true | G31: X | H31: Excluded | I31: because paper published by taylor press that not included in our scope | J31: X | K31: X
B32: 10.1177/20552076251408522 | C32: Sensory-driven micro-interventions for improved health and wellbeing | D32: 2025 | E32: Sage | F32: https://journals.sagepub.com/home/dhj | G32: AI / Machine Learning IoT Wearable sensors Sensory devices & interfaces Real-time data collection and processing Sensory substitution Vibrotactile / haptic feedback Smartphones and connected devices Embedded sensors | H32: included | I32: included because paper support sensory substituation and hapitic feedback concept of super Brain it discusses technologies that convert environmental/visual information into tactile feedback for visually impaired users | J32: sensory technologies work separately there no simple system for continuously monitoring sensory changes and providing personalized help when needed | K32: The paper proposes using AI IoT wearable sensors and sensory devices to monitor sensory changes and provide personalized sensory training
B33: 10.1007/s42486-023-00136-7 | C33: A smart obstacle avoiding technology based on depth camera for blind and visually impaired people | D33: 2023 | E33: Springer Nature | F33: https://link.springer.com/article/10.1007/s42486-023-00136-7? | G33: Depth/RGB-D Camera — Intel RealSense D435i 3D Point Cloud L-PointPillars Deep Learning / Neural Network Depthwise Separable Convolution Attention Mechanism NVIDIA Jetson Xavier NX PyTorch + Python Text-to-Speech (TTS) Audio Feedback | H33: included | I33: Included because it uses a depth camera and AI-based obstacle detection to help blind and visually impaired people navigate safely outdoors | J33: impaired people difficult detecting and avoiding obstacles when traveling outdoors. Existing assistive devices have limited detection range and limited computing power | K33: The paper proposes a wearable system that uses a depth camera and L-PointPillars to detect obstacles in real time and gives audio information about the obstacle and its distance
B34: 10.1016/j.eswa.2023.121065 | C34: A data fusion framework based on heterogeneous information network embedding for trigger-action programming in IoT | D34: 2023 | E34: Elsevier | F34: https://www.sciencedirect.com/science/article/abs/pii/S0957417423015671?via%3Dihub | G34: IoT Artificial Intelligence of Things (NLP) Heterogeneous Information Network HIN Embedding Metagraph-guided Random Walk Skip-gram Multi-label Classification | H34: included | I34: there are too many trigger-action combinations that is difficult and time-consuming for users to create IoT recipes manually | K34: The paper proposes TAPFuser an IoT framework that uses NLP and HIN embedding to understand natural-language requests and automatically recommend suitable trigger-action recipe
B35: 10.1038/s41928-023-01074-z | C35: A skin-integrated multimodal haptic interface for immersive tactile feedback | D35: 2023 | E35: Nature | H35: included | J35: X | K35: X
B36: 10.1002/aisy.70450 | C36: Enhanced Monocular Depth Estimation Using ResNet Backbone and Multiscale Feature Decoding for Precise Object Distance Measurement | D36: 2026 | E36: Wiley | F36: https://www.nature.com/articles/s41928-023-01074-z | G36: Monocular RGB Camera Deep Learning ResNet-based Encoder–Decoder Multiscale Feature Decoding YOLOv8 Object Detection Monocular Depth Estimation Object Distance Estimation D-Far250 Dataset KITTI Dataset | H36: included | I36: because it uses deep learning and object detection and and monocular depth estimation to detect objects and measure their distance and that support obstacle detection and navigation in Super Brain | J36: Traditional depth systems often need expensive sensors such as LiDAR or stereo cameras while monocular systems can have difficulty estimating accurate distances especially for far objects. | K36: The paper proposes a deep-learning system that uses a single RGB camera with a ResNet-based model and YOLOv8 to estimate object depth and distance without LiDAR or stereo cameras
B37: https://doi.org/10.1016/j.patrec.2019.03.008 | C37: Enhancing perception for the visually impaired with deep learning techniques and low-cost wearable sensors | D37: 2020 | E37: Elsevier | F37: https://www.sciencedirect.com/science/article/abs/pii/S0167865519300881?via%3Dihub | G37: * Shirt-pocket miniature wireless RGB camera * smartphone , smart watch * Monocular Depth Estimation --> ResNet-50 backbone * Urban Object Detection:---> CNN detector : 7 urban obstacle classes * Spatial Discretization:---> Bins 3D space in front of the user into 9 sectors * Continuous 3-level intensity haptic feedback | H37: Included | I37: Deeplearning Techniques for Enhancing Perception for Visuall impaired | J37: * visually impaired people face the outdoor environment and connot detect teh distance of the obstacles * ETAs : Travel aids ---> relying on RGB camera , LIDAR are heavy , big , fail in sunlight , expensive | K37: * lightweigh , low cost , replace with physical depth sensors * monocular depth , couples with object dedector * descretizes 3d space , delivers continuous 3 intensity habtic vibration
A38: Abdalah | B38: https://doi.org/10.1016/j.neunet.2023.12.042 | C38: Bidirectional visual-tactile cross-modal generation using latent feature space flow model | D38: 2023 | E38: Elsevier | F38: https://www.sciencedirect.com/science/article/pii/S0893608023007499?via%3Dihub | G38: * Decoupled visual and tactile Variational Autoencoders * Conditional Flow Model * Contrastive Supervision: InfoNCE contrastive loss (CLIP-style) * Sensory Modalities & Datasets: Evaluated on Touch2Go and LMT multimodal datasets * Quantitative Results: Reaches SSIM | H38: Included | I38: artificial sensory substitution by translating 2D visual inputs into tactile representations | J38: * scale discrepancy ---> global scene geometry vs. localized tactile contact * heterogeneous gap ---> pixels vs. mechanical deformation/vibration * Prior cross-modal methods were strictly unidirectional or required training two separate, unstable GAN networks , leading to inconsistent representations and heavy computational cost. | K38: * A unified generative architecture that maps visual features and tactile signals into separate VAE latent spaces, connected by an invertible conditional flow model that bidirectionally translates visual scenes into realistic tactile representations with high semantic fidelity.
B39: https://ieeexplore.ieee.org/document/5165018 | C39: Wearable Obstacle Avoidance Electronic Travel Aids for Blind: A Survey | D39: 2010 | E39: IEEE | F39: https://ieeexplore.ieee.org/document/5165018 | G39: ------------------ | H39: Excluded | I39: Survey | J39: ------------------ | K39: ------------------
B40: https://doi.org/10.1007/s11042-021-11287-z | C40: Design and development of an indoor navigation system using denoising autoencoder based convolutional neural network for visually impaired people | D40: 2021 | E40: Springer | F40: https://link.springer.com/article/10.1007/s11042-021-11287-z | G40: * DAECNN Architecture * Multi-Angle Visual Localization --> Classifies 12 discrete viewing angles * Evaluation & Dataset---> Trained on 11,190 indoor frames | H40: Included | I40: Vision-Based Indoor Navigation & Visual Localization | J40: * GPS satellite signals cannot penetrate indoor environments * Alternative indoor positioning technologies ----> expensive, power consumpsion * Camera images captured while walking suffer from heavy motion blur, camera shaking, | K40: * Implements the DAECNN pipeline ---> enoising autoencoder to strip noise and motion blur * user positioning accuracy without external infrastructure
B41: https://doi.org/10.1007/s11042-023-16355-0 | C41: Development of a visual to audio and tactile substitution system for mobility and orientation of visually impaired people: a review | D41: 2023 | E41: Springer | F41: https://link.springer.com/article/10.1007/s11042-023-16355-0 | G41: * Sensory Substitution ---> visual-to-audio , visual-to-tactile * Reviews RGB cameras, depth sensors, ultrasonic transducers, and deep learning object/obstacle recognition models. | H41: Included | I41: Comprehensive Review of Visual-to-Tactile & Audio Sensory Substitution | J41: * white canes cannot detect elevated, head-height, or distant obstacles. * Existing assistive systems are non-adaptable, expensive, and heavily | K41: * prioritizing low-cost wearable tactile arrays that preserve hearing , simplify visual scene features into intuitive haptic patterns, and utilize structured user training protocols.
B42: https://doi.org/10.1049/ell2.70570 | C42: A Portable Intelligent Navigation System Based on Embedded Hybrid Computing for Visually Impaired People | D42: 2026 | E42: Wiley | F42: https://ietresearch.onlinelibrary.wiley.com/doi/10.1049/ell2.70570 | G42: * Multi-core STM32MP157F system * Hybrid Edge-Cloud Architecture * natural-language voice feedback for destination guidance and traffic | H42: Included | I42: Embedded System Design & Hybrid Vision-Tactile Navigation | J42: * risks at street intersections, pedestrian crossings, and outdoor sidewalks * Running deep visual-language models entirely on-device causes overheating * battery exhaustion , lag *cloud services risks complete failure in poor network coverage | K42: * A layered, hybrid embedded architecture where a multi-core STM32 * manages local low-latency sensor * high-level visual scene interpretation to cloud vision-language models
B43: https://doi.org/10.1007/s11554-023-01314-7 | C43: Enhanced data fusion of ultrasonic and stereo vision in real‑time obstacle detection | D43: 2023 | E43: Springer | F43: https://link.springer.com/article/10.1007/s11554-023-01314-7 | G43: * Ultrasonic and stereo vision sensor fusion, truncated local stereo matching * GPU CUDA parallel acceleration | H43: Included | I43: Sensing & Real-Time Obstacle Detection Algorithm | J43: * Full stereo matching requires high computational power * ultrasonic sensors suffer from poor angular resolution and wide beam reflection errors | K43: * Combines ultrasonic range cues with local stereo matchin * executing on GPU at 41 FPS speedup over unconstrained matching
B44: https://doi.org/10.1007/s10209-023-00973-4 | C44: Exploiting the haptic and audio channels to improve orientation and mobility apps for the visually impaired | D44: 2023 | E44: Springer | F44: https://link.springer.com/article/10.1007/s10209-023-00973-4 | G44: * Android touchscreen interface * GeoJSON digital map modeling * semantic RGB overlay layer for POI classification * Text-to-Speech (TTS) audio narration | H44: Included | I44: Multimodal Haptic/Audio Feedback & Cognitive Mapping for Navigation | J44: * navigation apps deliver isolated that fail to provide an allocentric environmental overview * while physical embossed tactile maps are static, , and expensive. | K44: * accessible Android prototype converting GeoJSON urban maps into interactive touchscreen
B45: https://doi.org/10.1109/TOH.2025.3616046 | C45: Exploring Tactile Perception: Development and Evaluation of the PinArray, a Novel Haptic Device | D45: 2025 | E45: IEEE | F45: https://ieeexplore.ieee.org/document/11186136 | G45: * PinArray haptic display * multi-touch mode actuation * frequency-differential tactile shape/edge encoding across RAI and RAII mechanoreceptors | H45: Included | I45: Tactile Display Hardware & Tactile Shape/Edge Perception | J45: * Conventional vibrotactile displays are restricted to low frequencies or uniform global vibrations * requency-differentiated stimulation across individual pins to render salient shapes and edges. | K45: * Developed the PinArray, featuring 12 independently controlled pins operating
B46: https://doi.org/10.3233/FAIA231495 | C46: Research on Multimodal Interaction Design Patterns for Visually Impaired People Under Sensory Compensation Theory | D46: 2024 | E46: IOS Press | H46: excluded | I46: Not authrized
B47: https://doi.org/10.1016/j.actpsy.2019.102950 | C47: Tactile aesthetics: Textures that we like or hate to touch | D47: 2019 | E47: Elsevier | F47: https://www.sciencedirect.com/science/article/abs/pii/S0001691819302008?via%3Dihub | H47: excluded | I47: out of scope & out dated
B48: https://doi.org/10.3389/fnhum.2014.00291 | C48: Successful tactile based visual sensory substitution use functions independently of visual pathway integrity | D48: 2014 | E48: Frontiers | F48: https://www.frontiersin.org/journals/human-neuroscience/articles/10.3389/fnhum.2014.00291/full | H48: excluded | I48: Not authrized & out dated
B49: https://doi.org/10.3233/FAIA231495 | C49: Research on Multimodal Interaction Design Patterns for Visually Impaired People Under Sensory Compensation Theory | D49: 2024 | E49: Sage | F49: https://ebooks.iospress.nl/doi/10.3233/FAIA231495 | H49: Included | I49: This paper is included because it focuses on visually impaired people and investigates how sensory compensation and multimodal interaction can support them in different situations. The paper uses the term visually impaired people broadly; it includes people with visual field disorders, color vision disorders, and people who still have some residual vision but cannot see clearly. It also categorizes their needs into three levels: safety needs, interaction needs, and spiritual needs. | J49: Visually impaired people face several difficulties in accessing information, navigation and travel, object recognition, and spatial perception. Although existing assistive solutions such as tactile flooring and sound guidance systems provide support, the interaction methods still need to be expanded and improved to address different users, needs, and scenarios. | K49: The paper argues that a single-sensory substitution approach is no longer sufficient to meet the diverse needs of visually impaired people across different environments. Each sense provides different and complementary information, so relying only on audio or only on tactile feedback may not be suitable for every situation. Therefore, the proposed solution is a multimodal interaction system based on sensory compensation theory, which combines multiple approaches, such as visual enhancement, auditory compensation, and tactile compensation, according to the user's needs and the interaction scenario. The researchers designed a game-viewing system for visually impaired people, consisting of an application side and a device side. The system supports different functions such as tournament information, navigation, accessible viewing, device connection, object recognition, venue tours, and calling volunteers. They created the interactive interface prototype using Axure RP and tested it on smartphones. The system was tested with 6 visually impaired participants aged 20–40, including 2 blind participants and 4 visually impaired participants. The evaluation focused on user friendliness, effectiveness, fault tolerance, and satisfaction. The results were generally positive: effectiveness scored 4.6/5 and satisfaction scored 4.7/5. However, the researchers found that multiple steps in the interface could cause user errors, so they suggested improvements such as auditory guidance, confirmation pop-ups, and physical differentiation of interface areas. Overall, the proposed design largely met the researchers' expectations.
A50: Habiba | B50: https://doi.org/10.1016/j.actpsy.2019.102950 | C50: Tactile aesthetics: Textures that we like or hate to touch | D50: 2019 | E50: Elsevier | F50: https://www.sciencedirect.com/science/article/abs/pii/S0001691819302008?via%3Dihub | G50: X | H50: Excluded | I50: Excluded Bec the paper focuses on general tactile texture perception, examining how people distinguish between different surface textures and whether they find them pleasant or unpleasant to touch. It is not focused on blind or visually impaired users and does not investigate haptic feedback using active mechanisms such as pressure-based pins to convey information. Therefore, it is outside the scope of our research. | J50: X | K50: X
B51: https://doi.org/10.3389/fnhum.2014.00291 | C51: Successful tactile based visual sensory substitution use functions independently of visual pathway integrity | D51: 2014 | E51: Frontiers in Human Neuroscience | F51: https://www.frontiersin.org/journals/human-neuroscience/articles/10.3389/fnhum.2014.00291/full | G51: X | H51: Excluded | I51: This paper is excluded because it does not meet the required publisher criteria. | J51: X | K51: X
B52: https://doi.org/10.1007/s10846-023-01824-3 | C52: Haptic Feedback Remote Control System for Electric Mechanical Assembly Vehicle Developed to Avoid Obstacles | D52: 2023 | E52: Springer Nature | F52: https://link.springer.com/article/10.1007/s10846-023-01824-3 | G52: X | H52: Excluded | I52: Excluded although the study uses LiDAR and haptic feedback to convey obstacle-distance information, it focuses on remote vehicle control and obstacle avoidance rather than assistive technology for blind or visually impaired people. | J52: X | K52: X
B53: 10.1109/TVCG.2021.3136214 | C53: HaptoMapping: Visuo-Haptic Augmented Reality by Embedding User-Imperceptible Tactile Display Control Signals in a Projected Image | D53: 2022 | E53: IEEE | F53: https://www.researchgate.net/publication/357424856_HaptoMapping_Visuo-Haptic_Augmented_Reality_by_Embedding_User-Imperceptible_Tactile_Display_Control_Signals_in_a_Projected_Image | G53: X | H53: Excluded | I53: excluded Bec focuses on visuo-haptic augmented reality, texture presentation, and social touch rather than assistive technology for blind or visually impaired people. | J53: X | K53: X
B54: 10.1109/EMBC.2013.6610223 | C54: A tactile vision substitution system for the study of active sensing | D54: 2013 | E54: IEEE | F54: https://ieeexplore.ieee.org/document/6610223 | H54: Included | I54: Included because it focuses on assisting blind and visually impaired people by converting visual information into tactile stimulation. The proposed TVSS allows users to explore surrounding objects through touch instead of vision and supports object recognition and environmental exploration. It is particularly relevant to sensory substitution because it presents a practical implementation of visual-to-tactile substitution and investigates how blind users actively explore their surroundings using tactile feedback. | J54: Traditional Tactile Vision Substitution Systems (TVSS) have limited tactile resolution compared with the large amount of information contained in visual images. Therefore, visual information cannot be directly transferred to the tactile device without processing and reducing its resolution. Traditional systems can also suffer from problems such as light reflection, noise, texture artifacts, and loss of object features. Moreover, because tactile resolution is limited, users need to actively move the camera to explore objects, making it important to understand their active sensing strategies | K54: The researchers developed an improved Tactile Vision Substitution System (TVSS) that converts visual information captured by a camera into simplified tactile information that can be perceived through the fingers. The proposed system contains two main subsystems: 1. Image Processing Subsystem: reduces the resolution of camera images while preserving important object features and converts them into binary images suitable for the tactile stimulation device. 2. Trajectory Tracking Subsystem: tracks the movement of the active camera while the user explores objects, allowing researchers to analyze the user's active sensing strategy.
B55: https://doi.org/10.1177/10711813251360704 | C55: The Multimodal Exhibition: Tangible Interactions for People With Visual Impairments | D55: 2025 | E55: Sage | F55: https://journals.sagepub.com/doi/10.1177/10711813251360704
B56: 10.1016/j.ijhcs.2007.08.001 | C56: Haptic-feedback support for cognitive mapping of unknown spaces by people who are blind | D56: 2008 | E56: Elsevier | F56: linkinghub.elsevier.com/retrieve/pii/S1071581907001012
B57: https://doi.org/10.1186/s41235-020-00240-7 | C57: Multisensory inclusive design with sensory substitution | D57: 2020 | E57: Springer Nature | F57: https://link.springer.com/article/10.1186/s41235-020-00240-7
B58: https://doi.org/10.1177/1460458222111260 | C58: Multi-obstacle aware smart navigation system for visually impaired people in fog connected IoT-cloud environment | D58: 2022 | E58: Sage | F58: https://journals.sagepub.com/doi/10.1177/14604582221112609
B59: https://doi.org/10.1080/17483107.2025.2463541 | C59: Multi-faceted sensory substitution using wearable technology for curb alerting: a pilot investigation with persons with blindness and low vision | D59: 2025 | E59: Taylor & Francis | F59: https://www.tandfonline.com/doi/full/10.1080/17483107.2025.2463541 | G59: X | H59: Excluded | I59: This paper is excluded because it does not meet the required publisher criteria. | J59: X | K59: X
B60: https://dx.doi.org/10.1109/ACCESS.2024.3419102 | C60: Impact of Device and Environment on Visual-Auditory Sensory Substitution: A Comprehensive Behavioral Analysis Using the vOICe Algorithm | D60: 2024 | E60: IEEE | F60: https://ieeexplore.ieee.org/document/10571914/
B61: 10.3233/RNN-221279 | C61: Sensory augmentation for a rapid motor task in a multisensory environment | D61: 2023 | E61: Sage | F61: https://journals.sagepub.com/doi/10.3233/RNN-221279 | G61: Use sensory substitution and augmentation systems (SSASys) to enhance human perceptual abilities by translating information about the world into a new format Development in sensors and wearable devices to replace the sense of sight with hearing. SSASys can augment and coordinate with existing sensorimotor skills rather than being limited to replacement use cases | H61: included | I61: related to sensor substitution | J61: it could be that the systems that control rapid and accurate hand movement are not easily penetrable by a SSASy. Findings from interception tasks already suggest a complex and subtle interplay between vision, planning, interoception, and the muscular-skeletal system | K61: we asked healthy sighted participants to play a stripped-down version of air hockey in an immersive virtual environment. It involved hitting a rapidly oncoming puck before it hit the closest edge of the virtual table, similar to previous manual interception tasks
A62: Hend | B62: 10.1016/j.neubiorev.2007.05.010 | C62: What neuroimaging tells us about sensory substitution | D62: 2007 | E62: Elsevier | F62: https://www.sciencedirect.com/science/article/abs/pii/S0149763407000668?via%3Dihub | H62: Excluded
B63: 10.1109/TCE.2024.3366763 | C63: ODD-M3D: Object-Wise Dense Depth Estimation for Monocular 3-D Object Detection | D63: 2024 | E63: IEEE | F63: https://ieeexplore.ieee.org/document/10438849 | G63: we create a sampling space and obtain the ground truth by moving them from the sampling space to the object space | H63: included | I63: Depth Estimation for Monocular 3-D Object Detection | J63: estimating depth from a single 2D image remains challenging due to the typical ill-posed nature of the problem | K63: we propose a new method that improves depth estimation accuracy by randomly sampling object-wise points instead of relying on a single center point,
B64: 10.1177/20556683251316305 | C64: The development of a wearable goggle echolocation device to support people who are visually impaired with unhindered and unaided movement | D64: January 23, 2025 | E64: Sage | F64: https://journals.sagepub.com/doi/10.1177/20556683251316305 | G64: The wearable echolocation device was developed using three ultrasonic sensors, one placed in the right, left, and middle of the goggle with each connected to a buzzer | H64: included (IMPORTANT)
C65: EMPOWERING VISUALLY IMPAIRED INDIVIDUALS WITH HOLISTIC ASSISTANCE USING REAL-TIME SPATIAL AWARENESS SYSTEM | D65: 45413 | H65: Excluded | I65: unknown
C66: Computer Vision for Assistive Technologies: Enhancing Environmental Perception for the Visually Impaired | D66: 45778 | H66: Excluded | I66: unknown
B67: https://doi.org/10.1016/j.heliyon.2024.e31825 | C67: A comprehensive review of navigation systems for visually impaired individuals | D67: 45458 | E67: heliyon | F67: https://www.cell.com/heliyon/fulltext/S2405-8440(24)07856-3?_returnURL=https%3A%2F%2Flinkinghub.elsevier.com%2Fretrieve%2Fpii%2FS2405844024078563%3Fshowall%3Dtrue | H67: Excluded | I67: unknown
C68: Recruitment of Occipital Cortex during Sensory Substitution Training Linked to Subjective Experience of Seeing in People with Blindness | D68: 40765 | E68: plos one | H68: Excluded | I68: unknown
E69: mdpi | H69: Excluded | I69: unknown
H70: Excluded | I70: unknown
H71: Excluded | I71: unknown
H72: Excluded | I72: unknown
B73: 10.1007/s12559-026-10547-0 | C73: Multi-modal Zebra Crossing Detection Framework for Visually Impaired Navigation | D73: 2026 | E73: Springer | F73: https://link.springer.com/article/10.1007/s12559-026-10547-0 | G73: YOLOv11 - Hough Line Transform (HLT) - Haze U-Net + LeNet-MFCN - CNN + Cross-Attention - Text-to-Speech (TTS) | H73: Included | I73: The AI-powered navigation system detects pedestrian crossings, traffic signals, and obstacles, assisting the blind and visually impaired. This is linked to the "Super Brain" initiative, which focuses on technologies that ensure highly safe navigation. | J73: Blind individuals face challenges such as the high cost of assistive technologies, limited datasets, overfitting, and poor detection in low-light conditions, fog, and complex traffic situations. | K73: MZCDFVIN + YOLOv11 + HLT + CNN + Haze U-Net + LeNet + SROA for real-time detection and navigation assistance.
A74: mostafa | B74: 10.1007/s12193-025-00463-2 | C74: Haptic and auditory cues: a study on independent navigation for visually impaired individuals | D74: 2025 | E74: Springer | F74: https://link.springer.com/article/10.1007/s12193-025-00463-2 | G74: Intel RealSense D435i stereo vision camera - Depth-map processing & obstacle detection - Odroid-N2 single-board computer - Wearable haptic belt with - 22 vibrating actuators - Auditory feedback / speakers - Bluetooth | H74: Included | I74: Paper is developing a wearable device that utilizes haptic and auditory signals to help the blind and visually impaired move around freely. This initiative is linked to the Super Brain project, as it focuses on leveraging technology to assist individuals with visual impairments. | J74: Current assistive navigation systems struggle to convert visual information into tactile or auditory information in a way that is easy to understand. | K74: Stereo vision + depth processing + haptic belt + auditory feedback + user-controlled operating modes.
B75: 10.1007/s12193-024-00447-8 | C75: The effects of haptic, visual and olfactory augmentations on food consumed while wearing an extended reality headset | D75: 2024 | E75: Springer | F75: https://link.springer.com/article/10.1007/s12193-024-00447-8 | G75: Varjo XR-3 extended reality headset - QR-code tracking cube - Electromagnetic actuators - Arduino control system - Olfactory necklace display - Air compressor + odor bottles | H75: Included | I75: Paper employs haptic, visual, and olfactory feedback delivered via an extended reality headset to alter how people perceive food. this is linked to the Super Brain concept, as it utilizes sensory-based technology to modify human sensory perception. | J75: Plant-based foods can be healthier and more sustainable, but they may not provide the same pleasant eating experience people expect from conventional foods. | K75: A multisensory XR system combining visual + haptic + olfactory augmentation.
B76: 10.1007/s12193-023-00427-4 | C76: Review of substitutive assistive tools and technologies for people with visual impairments: recent advancements and prospects | D76: 2023 | E76: Springer | F76: https://link.springer.com/article/10.1007/s12193-023-00427-4 | G76: Electronic Travel Aids (ETAs) - Sensory substitution devices - Computer vision systems - Wearable haptic devices - Audio-based navigation systems - AI and machine learning | H76: Included | I76: The paper explores assistive and sensory-based technologies designed for the blind and visually impaired including visual, auditory, and tactile systems. This ties into the Super Brain concept, as it involves technologies that compensate for the sense of sight or support it by utilizing other sensory inputs. | J76: There are various technologies designed primarily to assist visually impaired individuals with their work, but they suffer from issues regarding ease of use and ease of learning. | K76: User-centered + multimodal assistive technology, with visually impaired users involved throughout design and testing.
B77: 10.1007/s12193-021-00376-w | C77: SoundSight: a mobile sensory substitution device that sonifies colour, distance, and temperature | D77: 2021 | E77: Springer | F77: https://link.springer.com/article/10.1007/s12193-021-00376-w | G77: Mobile sensory substitution device - Colour sensor - Distance sensor - Temperature sensor - Sonification system - Headphones | H77: Included | I77: The video showcases a device called SoundSight, designed for sensory substitution. it converts color, distance, and temperature into sounds to assist visually impaired users. This is naturally linked to the Super Brain concept, as it relies on alternative sensory inputs to help users understand their surroundings. | J77: It is difficult to rely on current sensory substitution devices in the long term due to their high cost and the difficulty of learning how to use them. | K77: SoundSight converts visual/depth/thermal information into real-time sounds using a smartphone and different sensors
B78: 10.1007/s11042-026-21198-6 | C78: BLE and surveillance camera-based navigation system for visually impaired people | D78: 2026 | E78: Springer | F78: https://link.springer.com/article/10.1007/s11042-026-21198-6 | G78: BLE (Bluetooth Low Energy) - Surveillance cameras - Computer vision - AI-based object/obstacle detection - Navigation system | H78: Included | I78: Paper is developing a navigation system for the blind and visually impaired that utilizes BLE, surveillance cameras, and AI to detect obstacles. This initiative is linked to the Super Brain project, as it provides assistive navigation technology for users such as the blind and those with low vision.
B79: 10.1007/s11042-026-21158-0 | C79: Enhancing the experience of film with a wearable tactile/ haptic suit | D79: 2026 | E79: Springer | F79: https://link.springer.com/article/10.1007/s11042-026-21158-0 | G79: Wearable Bubble Suit - Pressure-based Haptic Feedback - Arduino control system - Air Pump - PVC Air Bubbles - Silicone Air Tubes - Noise-cancelling headphones | H79: ُExcluded
B80: 10.1007/s00530-025-02139-z | C80: Assisting blind people with AI and audio using smart glasses: system design with YOLOv8 variants comparisons | D80: 2026 | E80: Springer | F80: https://link.springer.com/article/10.1007/s00530-025-02139-z | G80: Vuzix Blade 2 Smart Glasses - YOLOv8 - Simple Online and Realtime Tracking - Distance Estimation - Azure AI Vision / OCR - Microsoft Cognitive Speech Service - TensorFlow Lite - OpenCV - WebSocket - Unity | H80: Included | I80: Paper is developing AI-powered smart glasses that feature object detection, optical character recognition (OCR), and audio feedback to help the blind navigate safely. This initiative is linked to the Super Brain concept, as it combines AI with sensory assistance to support users with visual impairments.
B81: 10.1007/s00221-026-07309-7 | C81: Agents’ awareness of visuo-motor incongruency determines changes in haptic sensitivity | D81: 2026 | E81: Springer | F81: https://link.springer.com/article/10.1007/s00221-026-07309-7 | G81: Robotic manipulandum - Visual feedback system - Haptic stimulation - Visuo-motor perturbation - Force/position sensors | H81: included | I81: The paper examines how individuals awareness of visual and motor changes affects tactile sensitivity.
B82: 10.1007/s00221-021-06181-x | C82: Tactile spatial discrimination on the torso using vibrotactile and force stimulation | D82: 2021 | E82: Springer | F82: https://link.springer.com/article/10.1007/s00221-021-06181-x | G82: Vibrotactile actuators - Force-feedback actuators - Wearable tactile vest - Vibrotactile stimulation system - Force stimulation system | H82: ُExcluded | I82: The paper discusses vibration and pressure stimulation using haptic vests capable of covering the torso.
B83: 10.1016/j.brainres.2015.06.033 | C83: The role of visual deprivation and experience on the performance of sensory substitution devices | D83: 2015 | E83: Elsevier | F83: https://www.sciencedirect.com/science/article/abs/pii/S0006899315005156?via%3Dihub | G83: Vibrotactile technology - Force-feedback technology | H83: Included | I83: The paper discusses sensory substitution devices and how the visual experience influences their performance. This study offers a significant advantage the concept of a super brain as it involves specific technologies that enable users to process information through alternative sensory inputs. | J83: People who use sensory substitution devices often require a significant amount of training to understand the alternative sensory information. | K83: The solution lies in intensive training and experience two important elements for improving performance.
B85: https://doi.org/10.1186/s12984-021-00935-y | C85: Enabling visually impaired people to learn three‐dimensional tactile graphics with a 3DOF haptic mouse | D85: 2021 | E85: Springer | F85: https://link.springer.com/article/10.1186/s12984-021-00935-y | G85: The TActile MOuse 3 (TAMO3) - Haptic Sensory Substituion | H85: included | I85: this paper presents a novel sensory substitution system that enables to learn three dimensional digital information via touch when vision is unavailable. | J85: three dimensional digital information is difficult to see and visually impaired people can't see it | K85: A mouse-shaped device, designed to jointly perceive, with one finger only, local tactile height and inclination cues of arbitrary scalar fields.
A86: Farah | B86: https://doi.org/10.3758/s13414-024-02959-7 | C86: Viewed touch influences tactile detection by altering decision criterion | D86: 2024 | E86: Springer | F86: https://link.springer.com/article/10.3758/s13414-024-02959-7 | G86: Vicarious Tactile activation - Tactile perception - Visual information | H86: included | I86: this paper discusses the tactile perception when people see visual information | J86: to know if visual information enhances tactile perception or it enhances the decision making | K86: These findings suggest that viewing touch influences tactile performance by altering tactile decision mechanisms rather than the tactile perceptual signal
B87: 10.1186/s40580-026-00552-2 | C87: Advances in neuroprostheses: interfaces, materials, and applications | D87: 2026 | E87: Springer | F87: https://link.springer.com/article/10.1186/s40580-026-00552-2 | G87: Nanotechnology - neuroprostheses | H87: included | I87: This review examines the critical role of nanotechnology in building high performance neuroprostheses across six key classes: motor, visual, tactile, language, memory and olfactory | J87: Biological systems struggle to communicate with electronic systems due to a mismatch at the neural interface. | K87: using nanotechnology
B88: 10.1186/s41235-023-00495-w | C88: A direct comparison of sound and vibration as sources of stimulation for a sensory substitution glove | D88: 2023 | E88: Springer | F88: https://link.springer.com/article/10.1186/s41235-023-00495-w | G88: sensory substitution devices - adequacy of touch - adequacy of hearing | H88: included | I88: this paper discusses that touch and hearing can substitute for visual information | J88: autonomous mobility of visually impaired people | K88: Sensory substitution devices (SSDs) are designed to improve navigation
B89: s41378-026-01190-8 | C89: Complementary visual localization and tactile mapping approach for robotic perception of millimeter-sized objects with irregular surfaces | D89: 2026 | E89: Nature | F89: https://www.nature.com/articles/s41378-026-01190-8 | G89: visual localization - tactile sensing | H89: included | I89: This study provides a technological foundation for enhancing the autonomy and adaptability of humanoid robots in unpredictable and unstructured environments, particularly to support precise robot manipulation in such conditions. | J89: robots can't percieve small and irregular objects | K89: Foundation for sensory substitution systems that help robots percieve small and irregular objects
B90: x | H90: Excluded
B91: x | H91: Excluded
B92: x | H92: Excluded
B93: x | H93: Excluded
B94: x | H94: Excluded
B95: x | H95: Excluded
B96: x | H96: Excluded
B97: x | H97: excluded
A98: Fathy | B98: https://doi.org/10.1038/s41539-025-00385-4 | C98: Learning visual to auditory sensory substitution reveals flexibility in image to sound mapping | D98: 2026 | E98: Nature | F98: https://www.nature.com/articles/s41539-025-00385-4 | G98: The vOICe Visual-to-auditory sensory substitution Sensory Substitution Device (SSD) Image-to-sound mapping Spectral-temporal acoustic mapping Pitch-based spatial encoding Time-based spatial encoding Amplitude encoding for pixel brightness | H98: included | I98: The paper presents and evaluates a relevant assistive technology for visual information accessibility, specifically The vOICe visual-to-auditory sensory substitution device (SSD), which converts visual information into sound using structured image-to-sound mappings. | J98: There is limited empirical evidence comparing fundamentally different image-to-sound axis mappings in visual-to-auditory sensory substitution systems, so it is unclear whether users must rely on the traditional pitch–elevation / time–horizontal mapping or can learn alternative mappings effectively. | K98: The study compares the traditional The vOICe image-to-sound mapping with a reversed mapping and a control condition to test whether users can learn alternative visual-to-auditory mappings effectively.
B99: https://doi.org/10.1038/s41539-025-00385-4 | C99: Learning visual to auditory sensory substitution reveals flexibility in image to sound mapping | D99: 2025 | E99: Nature | F99: https://www.nature.com/articles/s41539-025-00385-4 | G99: The vOICe; Sensory Substitution Device (SSD); Visual-to-auditory sensory substitution; Image-to-sound mapping; Spectral-temporal acoustic mapping; Pitch-based spatial encoding; Time-based spatial encoding; Amplitude encoding | H99: included | I99: The study evaluates The vOICe, a visual-to-auditory sensory substitution technology designed to convert visual information into sound and support access to visual information. | J99: There is limited empirical work directly comparing fundamentally different image-to-sound axis mappings, leaving uncertainty about whether learning is constrained by traditional cross-modal correspondences such as pitch for elevation. | K99: The study compares the traditional The vOICe mapping with a reversed image-to-sound mapping and an arbitrary control mapping to determine whether users can effectively learn alternative structured visual-to-auditory mappings.
B100: 10.1016/j.tics.2008.07.004 | C100: Parahippocampal and retrosplenial contributions to human spatial navigation | D100: 2008 | E100: Elsevier | F100: https://www.sciencedirect.com/science/article/abs/pii/S136466130800199X? | G100: Neuroimaging fMRI Parahippocampal Place Area (PPA) Retrosplenial Complex (RSC) Spatial cognition and navigation | H100: included | I100: Because it is published by Elsevier and directly discusses human spatial navigation, including the brain mechanisms involved in understanding scenes | J100: The paper addresses the fact that the neural systems supporting human spatial navigation were not fully understood, especially the specific roles of the parahippocampal and retrosplenial regions | K100: The paper reviews neuroimaging, neuropsychology, neuroanatomy, and neurophysiology findings to explain how the PPA represents local visual scenes while the RSC helps place those scenes within the wider environment and supports navigation toward locations that may not be currently visible
B101: 10.1038/s41598-020-59102-3 | C101: Poor resolution at the back of the tongue is the bottleneck for spatial pattern recognition | D101: 2020 | E101: Nature | F101: https://www.nature.com/articles/s41598-020-59102-3 | G101: BrainPort Vision Pro Head-mounted camera Electro-tactile sensory substitution Tongue stimulation 20 × 20 electrode array Visual-to-tactile information conversion | H101: included | I101: directly relevant to sensory substitution for blind people, especially using the tongue to receive visual information through electro-tactile stimulation | J101: It is unclear why tracing improves recognition: poor sensitivity, low spatial resolution, or limited processing capacity. | K101: Compare tracing, static and drawing presentations, with constant or adjusted stimulation intensity. Tracing improved recognition; results support low spatial resolution at the back of the tongue as the main limitation.
B102: 10.1038/s41598-019-57217-w | C102: Neural Networks Mediating Perceptual Learning in Congenital Blindness | D102: 2020 | E102: Springer Nature | F102: https://www.nature.com/articles/s41598-019-57217-w | G102: Visual-to-tactile SSD; structural MRI; voxel-based morphometry; principal component analysis | H102: included | I102: Relevant to sensory-substitution learning and obstacle avoidance in congenital blindness. | J102: The brain structures supporting nonvisual navigation learning are not fully understood. | K102: Compare obstacle-course learning in congenitally blind and blindfolded sighted participants, and relate performance to regional brain volumes.
...

Sheet Farah
B1: Paper's DOI | C1: Title | D1: Publication Year | E1: Publisher | F1: paper URL | G1: technology | H1: Included or Excluded | I1: Reason for inclusivity | J1: Problem | K1: solution | L1: Main Tags | M1: Another Tags
A86: Farah | B86: https://doi.org/10.3758/s13414-024-02959-7 | C86: Viewed touch influences tactile detection by altering decision criterion | D86: 2024 | E86: Springer | F86: https://link.springer.com/article/10.3758/s13414-024-02959-7 | G86: Vicarious Tactile activation - Tactile perception - Visual information | H86: included | I86: this paper discusses the tactile perception when people see visual information | J86: to know if visual information enhances tactile perception or it enhances the decision making | K86: These findings suggest that viewing touch influences tactile performance by altering tactile decision mechanisms rather than the tactile perceptual signal
B87: 10.1186/s40580-026-00552-2 | C87: Advances in neuroprostheses: interfaces, materials, and applications | D87: 2026 | E87: Springer | F87: https://link.springer.com/article/10.1186/s40580-026-00552-2 | G87: Nanotechnology - neuroprostheses | H87: included | I87: This review examines the critical role of nanotechnology in building high performance neuroprostheses across six key classes: motor, visual, tactile, language, memory and olfactory | J87: Biological systems struggle to communicate with electronic systems due to a mismatch at the neural interface. | K87: using nanotechnology
B88: 10.1186/s41235-023-00495-w | C88: A direct comparison of sound and vibration as sources of stimulation for a sensory substitution glove | D88: 2023 | E88: Springer | F88: https://link.springer.com/article/10.1186/s41235-023-00495-w | G88: sensory substitution devices - adequacy of touch - adequacy of hearing | H88: included | I88: this paper discusses that touch and hearing can substitute for visual information | J88: autonomous mobility of visually impaired people | K88: Sensory substitution devices (SSDs) are designed to improve navigation
B89: s41378-026-01190-8 | C89: Complementary visual localization and tactile mapping approach for robotic perception of millimeter-sized objects with irregular surfaces | D89: 2026 | E89: Nature | F89: https://www.nature.com/articles/s41378-026-01190-8 | G89: visual localization - tactile sensing | H89: included | I89: This study provides a technological foundation for enhancing the autonomy and adaptability of humanoid robots in unpredictable and unstructured environments, particularly to support precise robot manipulation in such conditions. | J89: robots can't percieve small and irregular objects | K89: Foundation for sensory substitution systems that help robots percieve small and irregular objects
B90: x | H90: Excluded
B91: x | H91: Excluded
B92: x | H92: Excluded
B93: x | H93: Excluded
B94: x | H94: Excluded
B95: x | H95: Excluded
B96: x | H96: Excluded
B97: x | H97: excluded
B152: =IF(C152="","","PID-"&TEXT(ROW()-2,"0000"))
B153: =IF(C153="","","PID-"&TEXT(ROW()-2,"0000"))
B154: =IF(C154="","","PID-"&TEXT(ROW()-2,"0000"))
B155: =IF(C155="","","PID-"&TEXT(ROW()-2,"0000"))
B156: =IF(C156="","","PID-"&TEXT(ROW()-2,"0000"))
B157: =IF(C157="","","PID-"&TEXT(ROW()-2,"0000"))
B158: =IF(C158="","","PID-"&TEXT(ROW()-2,"0000"))
B159: =IF(C159="","","PID-"&TEXT(ROW()-2,"0000"))
B160: =IF(C160="","","PID-"&TEXT(ROW()-2,"0000"))
B161: =IF(C161="","","PID-"&TEXT(ROW()-2,"0000"))
B162: =IF(C162="","","PID-"&TEXT(ROW()-2,"0000"))
B163: =IF(C163="","","PID-"&TEXT(ROW()-2,"0000"))
... B319: =IF(C319="","","PID-"&TEXT(ROW()-2,"0000"))

Sheet Mostafa
B1: Paper's DOI | C1: Title | D1: Publication Year | E1: Publisher | F1: paper URL | G1: Technology | H1: Included or Excluded | I1: Reason for inclusivity | J1: Problem | K1: Solution | L1: Main Tags | M1: Another Tags
A2: David | B2: 10.1016/j.bcp.2025.116272 | C2: A quantitative assessment of EOG eye tracking during free viewing in sighted and in congenitally blind | D2: 2025 | E2: Elsevier | F2: https://www.sciencedirect.com/science/article/pii/S0006899325003555?via%3Dihub | G2: Electrooculography (EOG) Video-Based Eye Tracking SMI Eye-Tracking Glasses Smarting Mobile EEG g.HIamp Amplifier BioSemi EEG vEOG / hEOG Blink Detection Saccade Detection The vOICe | H2: included | J2: Limited exploration of EOG in naturalistic/free-viewing conditions Video-based tracking can fail in blind individuals due to pupil abnormalities or eyelid control Need to detect eye movements without visual fixation | K2: EOG-based detection of blinks and saccades Comparison with video-based eye tracking Testing under light, darkness, eyes-closed, and congenital blindness Demonstrated that EOG can detect eye movements in blind participants
B3: 10.1016/j.neuroimage.2025.121652 | C3: Long-term visual-to-tactile stimulation induces functional reorganization of thalamic pathways to achieve visual perception | D3: 2025 | E3: Elsevier | F3: https://www.sciencedirect.com/science/article/pii/S105381192500655X?via%3Dihub | G3: Sensory Substitution Device (SSD) Visual-to-Tactile Conversion Tactile Stimulation Resting-State fMRI Functional Connectivity Analysis Thalamic/Occipital Brain Imaging | H3: included | J3: Limited understanding of how long-term tactile sensory substitution produces visual perception. Unclear how the brain reorganizes its pathways during prolonged SSD use. | K3: Long-term visual-to-tactile stimulation/training. Investigation of changes in thalamic–occipital connectivity to understand the neural mechanism.
B4: 10.1016/j.neuroimage.2021.118029 | C4: Topographic maps and neural tuning for sensory substitution dimensions learned in adulthood in a congenital blind subject | D4: 2021 | E4: Elsevier | F4: https://www.sciencedirect.com/science/article/pii/S1053811921003062?via%3Dihub | G4: Auditory Sensory Substitution Device 2D Auditory Soundscape Pitch Encoding Temporal Encoding Population Receptive Field Mapping fMRI | H4: included | J4: How the adult brain represents newly learned sensory dimensions in a person who is congenitally blind. | K4: Convert spatial information into auditory dimensions. Train the participant to interpret the auditory representation. Analyze the resulting neural maps and tuning.
B5: 10.1016/j.neuroimage.2024.120621 | C5: Visual Mental Imagery and Neural Dynamics of Sensory Substitution in the Blindfolded Subjects | D5: 2024 | E5: Elsevier | F5: https://www.sciencedirect.com/science/article/pii/S1053811924001162?via%3Dihub | G5: Auditory Sensory Substitution Visual-to-Auditory Encoding Soundscape Stimuli Functional MRI Dynamic Causal Modeling (DCM) Visual Mental Imagery | H5: included | J5: How sensory-substitution information is processed by the brain. Whether auditory sensory substitution can engage visual mental imagery. | K5: Train subjects to interpret auditory representations of visual shapes. Use neuroimaging and DCM to analyze the resulting brain-network dynamics.
B6: 10.1177/0145482X19842491 | C6: A Haptic Navigation Aid for Individuals with Visual Impairments: Indoor and Outdoor Feasibility Evaluations of the LaserNavigator | D6: 2019 | E6: SAGE Publications | F6: https://journals.sagepub.com/doi/10.1177/0145482X19842491 | G6: Laser Rangefinder Haptic Feedback Vibrating Actuator Handheld Device Virtual White Cane Variable Virtual Cane Length | H6: included | J6: Conventional white canes have a limited detection range. | K6: Use a laser rangefinder to detect objects beyond normal cane range. Convert measured distance into haptic feedback.
B7: 10.5220/0006617505550562 | C7: Wearable RGB Camera-based Navigation System for the Visually Impaired | D7: 2018 | E7: SciTePress | F7: https://www.scitepress.org/PublishedPapers/2018/66175/ | H7: Excluded | I7: Published by SciTePress
B8: 10.1609/aaai.v37i2.25233 | C8: BEVDepth: Acquisition of Reliable Depth for Multi-View 3D Object Detection | D8: 2023 | E8: AAAI | F8: https://ojs.aaai.org/index.php/AAAI/article/view/25233 | H8: Excluded | I8: Because it falls in a different feild of study and is published by AAAI
B9: 10.1109/EMBC.2013.6611022 | C9: Electrotactile vision substitution for 3D trajectory following | D9: 2013 | E9: IEEE | F9: https://ieeexplore.ieee.org/document/6611022 | H9: Excluded | I9: Published in 2013 and The linked IEEE document does not appear to correspond to the assistive-vision/navigation research needed for your review
B10: 10.1109/EIT51626.2021.9491913 | C10: Visually Impaired Indoor Navigation using YOLO Based Object Recognition, Monocular Depth Estimation and Binaural Sounds | D10: 2021 | E10: IEEE | F10: https://ieeexplore.ieee.org/document/9491913 | G10: Monocular RGB Camera Deep Learning ResNet-50 Backbone Encoder–Decoder Network YOLOv8 Object Detection Monocular Depth Estimation Object Distance Estimation D-Far250 Dataset KITTI Dataset Binaural/Spatial Audio HRTF | H10: included | J10: Difficulty detecting objects and understanding their distance and spatial position during indoor navigation. | K10: YOLO detects objects. Monocular depth estimation estimates object distance. Spatial information is converted into binaural audio. Audio provides directional and distance information to the user.
B11: 10.1109/TITS.2022.3161141 | C11: Trans4Trans: Efficient Transformer for Transparent Object and Semantic Scene Segmentation in Real-World Navigation Assistance | D11: 2021 | E11: arXiv | F11: https://ieeexplore.ieee.org/document/9743965 | G11: RGB-D Camera Portable GPU Trans4Trans Transformer Transformer Parsing Module (TPM) Semantic Segmentation Transparent Object Segmentation Depth Information Bone-Conduction Earphone | H11: included | J11: Transparent objects such as glass doors and glass walls can be incorrectly interpreted as free/walkable space. | K11: Detect transparent objects separately. Combine transparent-object segmentation with semantic segmentation and depth information. Provide navigation feedback to the visually impaired user.
B12: 10.1109/TOH.2021.3138590 | C12: In-Device Feedback in Immersive Head-Mounted Displays for Distance Perception During Teleoperation of Unmanned Ground Vehicles | D12: 2022 | E12: arXiv | F12: https://ieeexplore.ieee.org/document/9664257 | H12: Excluded | I12: Different feild of study (The actual application is remote control of unmanned ground vehicles0
B13: 10.48550/arXiv.2201.04453 | C13: Obstacle Avoidance for Blind People Using a 3D Camera and a Haptic Feedback Sleeve | D13: 2022 | E13: arXiv / CoRR | F13: https://arxiv.org/abs/2201.04453 | G13: Intel RealSense D415 3D Camera 3D Point Cloud Depth Mapping AAEON Up Board 5×5 Haptic Feedback Sleeve Vibration Motor Array Spatial Depth-to-Haptic Mapping 3D-Printed Glasses | H13: included | J13: Limited obstacle detection range using conventional aids. Difficulty providing multidimensional information about obstacles. Some existing approaches depend on lighting conditions. | K13: Capture 3D depth information using the RealSense camera. Convert the depth map into a 5×5 spatial representation. Map each region to a corresponding vibration motor. Use vibration intensity to communicate obstacle distance.
A14: salma | B14: 10.1080/23311916.2025.2560974 | C14: An assistive haptic-based obstacle avoidance system for individuals with profound visual impairment | D14: 2025 | E14: Taylor & Francis | F14: https://www.tandfonline.com/doi/full/10.1080/23311916.2025.2560974 | G14: X | H14: Excluded | I14: because paper published by taylor that not included in our scope | J14: X | K14: X
B15: https://doi.org/10.1002/aisy.70450Digital Object Identifier (DOI) | C15: Enhanced Monocular Depth Estimation Using ResNet Backbone and Multiscale Feature Decoding for Precise Object Distance Measurement | D15: 2026 | E15: Wiley | F15: https://advanced.onlinelibrary.wiley.com/doi/10.1002/aisy.70450 | H15: included
C16: Duplicated | H16: Execlauded
C17: Sight Guide: A Wearable Assistive Perception and Navigation System for the Vision Assistance Race in the Cybathlon 2024 | D17: 2025 | E17: Arixiv | H17: Excluded
B18: 10.1109/ICRA40945.2020.9196782 | C18: A Visual Positioning System for Indoor Blind Navigation | D18: 2020 | E18: IEEE | F18: https://www.researchgate.net/publication/339725908_A_Visual_Positioning_System_for_Indoor_Blind_Navigation | H18: included
B19: 10.1109/ACCESS.2023.3244073 | C19: A Survey on Outdoor Navigation Applications for People With Visual Impairments | D19: 2023 | E19: IEEE | F19: https://ieeexplore.ieee.org/document/10041898 | H19: included
B20: https://doi.org/10.1016/j.eswa.2023.121065 | C20: A data fusion framework based on heterogeneous information network embedding for trigger-action programming in IoT | D20: 2023 | E20: Elsevier | F20: https://www.sciencedirect.com/science/article/abs/pii/S0957417423015671?via%3Dihub | H20: included
B21: https://doi.org/10.48550/arXiv.2511.10026 | C21: Grating haptic perception through touchscreen: Sighted vs. Visually Impaired | D21: 2026 | E21: arXiv | F21: https://arxiv.org/abs/2511.10026v3 | G21: X | H21: Excluded | I21: because paper published by arix that not included in our scope | J21: X | K21: X
B22: https://doi.org/10.1007/s42486-023-00136-7 | C22: A smart obstacle avoiding technology based on depth camera for blind and visually impaired people (Commentry) | D22: 2023 | E22: Springer | F22: https://link.springer.com/article/10.1007/s42486-023-00136-7 | H22: Excluded
B23: 10.1177/20552076251408522 | C23: Sensory-driven micro-interventions for improved health and wellbeing | D23: 2025 | E23: Sage | F23: https://journals.sagepub.com/doi/10.1177/20552076251408522 | H23: included
H25: Excluded
A26: Taha | B26: 10.3233/APC210058 | C26: A Robotic Assisted System Using Deep Learning for Navigation and Reading IoT Based Home Automation for Visually Impaired | D26: 2021 | E26: IOS Press | F26: https://ebooks.iospress.nl/doi/10.3233/APC210058 | G26: X | H26: Excluded | I26: because paper published by IOS press that not included in our scope | J26: X | K26: X
B27: 10.1196/annals.1305.006 | C27: Tactile Sensory Substitution Studies | D27: 2004 | E27: Wiley | F27: https://nyaspubs.onlinelibrary.wiley.com/doi/epdf/10.1196/annals.1305.006 | G27: camera - Sensory Substitution - Tongue Electrotactile Interface - Vibrotactile Stimulation | H27: included | I27: The paper is included because it helps blind users by explaining sensory substitution by info from camera converted into tactile information that brain can learn to understand | J27: problem is to how to provide a visiual info to blind peoples by using tactile stimulation the chalenge is to create an effective brain -machine interface(BMI) | K27: the paper uses: 1-sensory substitution system : converts visual info from a camera into tactile (electrotactile stimulation) 2-stimulation is delivered through tactile arrays 3-electrotactile interface on the tongue 4-allow brain to learn and interpert the info
B28: 10.1016/j.asej.2023.102387 | C28: An effective obstacle detection system using deep learning advantages to aid blind and visually impaired navigation | D28: 2024 | E28: Elsevier | F28: https://www.sciencedirect.com/science/article/pii/S2090447923002769?via%3Dihub | G28: Deep Learning Modified YOLOv5 Computer Vision Obstacle/Object Detection Indoor & Outdoor Environment Model optimization for deployment on embedded devices | H28: included | I28: Paper focus on obstacle detection for blind using YOLOv5 model it cover indoor andoutdoor objects and uses optimization method to make model lightweight | J28: Blind and visually impaired people have difficulty detecting obstacles and navigating safely in their surroundings. | K28: The paper proposes a modified YOLOv5-based obstacle detection system to detect objects/obstacles and provide information that can assist blind and visually impaired users during navigation
B29: 10.1109/JAS.2021.1004084 | C29: An RGB-D Camera Based Visual Positioning System for Assistive Navigation by a Robotic Navigation Aid | D29: 2021 | E29: IEEE | F29: https://www.ieee-jas.net/article/doi/10.1109/JAS.2021.1004084?pageType=en | G29: RGB-D Camera IMU Visual-Inertial Odometry (VIO) 6-DOF Pose Estimation Particle Filter Localization Indoor CAD/Floor Plans Path Planning & Obstacle Avoidance Real-time processing | H29: Included | I29: Because it focuses on assistiv navigation for impaired users and combine computer vision with RGB and real time navigation | J29: blind people need reliable navigation assistance in large indoor environments Existing mobility tools such as white canes and guide dogs do not provide electronic localization/navigation information | K29: The paper develops a real-time visual positioning system for a robotic navigation aid. It combines an RGB-D camera + IMU to estimate the device's 6-DOF pose, then uses a particle filter and indoor CAD floor-plan information to reduce localization error and support wayfinding
C30: duplicated | H30: Excluded
B31: X | C31: X | D31: X | E31: Taylor & Francis | F31: https://www.tandfonline.com/doi/epdf/10.1080/23311916.2025.2560974?needAccess=true | G31: X | H31: Excluded | I31: because paper published by taylor press that not included in our scope | J31: X | K31: X
B32: 10.1177/20552076251408522 | C32: Sensory-driven micro-interventions for improved health and wellbeing | D32: 2025 | E32: Sage | F32: https://journals.sagepub.com/home/dhj | G32: AI / Machine Learning IoT Wearable sensors Sensory devices & interfaces Real-time data collection and processing Sensory substitution Vibrotactile / haptic feedback Smartphones and connected devices Embedded sensors | H32: included | I32: included because paper support sensory substituation and hapitic feedback concept of super Brain it discusses technologies that convert environmental/visual information into tactile feedback for visually impaired users | J32: sensory technologies work separately there no simple system for continuously monitoring sensory changes and providing personalized help when needed | K32: The paper proposes using AI IoT wearable sensors and sensory devices to monitor sensory changes and provide personalized sensory training
B33: 10.1007/s42486-023-00136-7 | C33: A smart obstacle avoiding technology based on depth camera for blind and visually impaired people | D33: 2023 | E33: Springer Nature | F33: https://link.springer.com/article/10.1007/s42486-023-00136-7? | G33: Depth/RGB-D Camera — Intel RealSense D435i 3D Point Cloud L-PointPillars Deep Learning / Neural Network Depthwise Separable Convolution Attention Mechanism NVIDIA Jetson Xavier NX PyTorch + Python Text-to-Speech (TTS) Audio Feedback | H33: included | I33: Included because it uses a depth camera and AI-based obstacle detection to help blind and visually impaired people navigate safely outdoors | J33: impaired people difficult detecting and avoiding obstacles when traveling outdoors. Existing assistive devices have limited detection range and limited computing power | K33: The paper proposes a wearable system that uses a depth camera and L-PointPillars to detect obstacles in real time and gives audio information about the obstacle and its distance
B34: 10.1016/j.eswa.2023.121065 | C34: A data fusion framework based on heterogeneous information network embedding for trigger-action programming in IoT | D34: 2023 | E34: Elsevier | F34: https://www.sciencedirect.com/science/article/abs/pii/S0957417423015671?via%3Dihub | G34: IoT Artificial Intelligence of Things (NLP) Heterogeneous Information Network HIN Embedding Metagraph-guided Random Walk Skip-gram Multi-label Classification | H34: included | I34: there are too many trigger-action combinations that is difficult and time-consuming for users to create IoT recipes manually | K34: The paper proposes TAPFuser an IoT framework that uses NLP and HIN embedding to understand natural-language requests and automatically recommend suitable trigger-action recipe
B35: 10.1038/s41928-023-01074-z | C35: A skin-integrated multimodal haptic interface for immersive tactile feedback | D35: 2023 | E35: Nature | H35: included | J35: X | K35: X
B36: 10.1002/aisy.70450 | C36: Enhanced Monocular Depth Estimation Using ResNet Backbone and Multiscale Feature Decoding for Precise Object Distance Measurement | D36: 2026 | E36: Wiley | F36: https://www.nature.com/articles/s41928-023-01074-z | G36: Monocular RGB Camera Deep Learning ResNet-based Encoder–Decoder Multiscale Feature Decoding YOLOv8 Object Detection Monocular Depth Estimation Object Distance Estimation D-Far250 Dataset KITTI Dataset | H36: included | I36: because it uses deep learning and object detection and and monocular depth estimation to detect objects and measure their distance and that support obstacle detection and navigation in Super Brain | J36: Traditional depth systems often need expensive sensors such as LiDAR or stereo cameras while monocular systems can have difficulty estimating accurate distances especially for far objects. | K36: The paper proposes a deep-learning system that uses a single RGB camera with a ResNet-based model and YOLOv8 to estimate object depth and distance without LiDAR or stereo cameras
B37: https://doi.org/10.1016/j.patrec.2019.03.008 | C37: Enhancing perception for the visually impaired with deep learning techniques and low-cost wearable sensors | D37: 2020 | E37: Elsevier | F37: https://www.sciencedirect.com/science/article/abs/pii/S0167865519300881?via%3Dihub | G37: * Shirt-pocket miniature wireless RGB camera * smartphone , smart watch * Monocular Depth Estimation --> ResNet-50 backbone * Urban Object Detection:---> CNN detector : 7 urban obstacle classes * Spatial Discretization:---> Bins 3D space in front of the user into 9 sectors * Continuous 3-level intensity haptic feedback | H37: Included | I37: Deeplearning Techniques for Enhancing Perception for Visuall impaired | J37: * visually impaired people face the outdoor environment and connot detect teh distance of the obstacles * ETAs : Travel aids ---> relying on RGB camera , LIDAR are heavy , big , fail in sunlight , expensive | K37: * lightweigh , low cost , replace with physical depth sensors * monocular depth , couples with object dedector * descretizes 3d space , delivers continuous 3 intensity habtic vibration
